STRUCTURE,STRUCTURE_ID,STRUCTURE_NAME,freq,Time frequency,age,Age class,sex,Sex,indic_il,Income and living conditions indicator,unit,Unit of measure,geo,Geopolitical entity (reporting),TIME_PERIOD,Time,OBS_VALUE,Observation value,OBS_FLAG,Observation status (Flag) V2 structure,CONF_STATUS,Confidentiality status (flag)
dataflow,ESTAT:ILC_DI03(1.0),Mean and median income by age and sex,A,Annual,Y_GE18,18 years or over,T,Total,MED_E,Median equivalised net income,PPS,Purchasing power standard (PPS),AT,Austria,2009,,20019,,,,,
dataflow,ESTAT:ILC_DI03(1.0),Mean and median income by age and sex,A,Annual,Y_GE18,18 years or over,T,Total,MED_E,Median equivalised net income,PPS,Purchasing power standard (PPS),AT,Austria,2010,,20146,,,,,
dataflow,ESTAT:ILC_DI03(1.0),Mean and median income by age and sex,A,Annual,Y_GE18,18 years or over,T,Total,MED_E,Median equivalised net income,PPS,Purchasing power standard (PPS),AT,Austria,2011,,21022,,,,,
dataflow,ESTAT:ILC_DI03(1.0),Mean and median income by age and sex,A,Annual,Y_GE18,18 years or over,T,Total,MED_E,Median equivalised net income,PPS,Purchasing power standard (PPS),AT,Austria,2012,,21456,,,,,
dataflow,ESTAT:ILC_DI03(1.0),Mean and median income by age and sex,A,Annual,Y_GE18,18 years or over,T,Total,MED_E,Median equivalised net income,PPS,Purchasing power standard (PPS),AT,Austria,2013,,21717,,,,,
dataflow,ESTAT:ILC_DI03(1.0),Mean and median income by age and sex,A,Annual,Y_GE18,18 years or over,T,Total,MED_E,Median equivalised net income,PPS,Purchasing power standard (PPS),AT,Austria,2014,,22407,,,,,
dataflow,ESTAT:ILC_DI03(1.0),Mean and median income by age and sex,A,Annual,Y_GE18,18 years or over,T,Total,MED_E,Median equivalised net income,PPS,Purchasing power standard (PPS),AT,Austria,2015,,22797,,,,,
dataflow,ESTAT:ILC_DI03(1.0),Mean and median income by age and sex,A,Annual,Y_GE18,18 years or over,T,Total,MED_E,Median equivalised net income,PPS,Purchasing power standard (PPS),AT,Austria,2016,,23758,,,,,
dataflow,ESTAT:ILC_DI03(1.0),Mean and median income by age and sex,A,Annual,Y_GE18,18 years or over,T,Total,MED_E,Median equivalised net income,PPS,Purchasing power standard (PPS),AT,Austria,2017,,24203,,,,,
dataflow,ESTAT:ILC_DI03(1.0),Mean and median income by age and sex,A,Annual,Y_GE18,18 years or over,T,Total,MED_E,Median equivalised net income,PPS,Purchasing power standard (PPS),AT,Austria,2018,,24183,,,,,
dataflow,ESTAT:ILC_DI03(1.0),Mean and median income by age and sex,A,Annual,Y_GE18,18 years or over,T,Total,MED_E,Median equivalised net income,PPS,Purchasing power standard (PPS),AT,Austria,2019,,24458,,,,,
dataflow,ESTAT:ILC_DI03(1.0),Mean and median income by age and sex,A,Annual,Y_GE18,18 years or over,T,Total,MED_E,Median equivalised net income,PPS,Purchasing power standard (PPS),AT,Austria,2020,,24099,,,,,
dataflow,ESTAT:ILC_DI03(1.0),Mean and median income by age and sex,A,Annual,Y_GE18,18 years or over,T,Total,MED_E,Median equivalised net income,PPS,Purchasing power standard (PPS),BE,Belgium,2009,,17640,,,,,
dataflow,ESTAT:ILC_DI03(1.0),Mean and median income by age and sex,A,Annual,Y_GE18,18 years or over,T,Total,MED_E,Median equivalised net income,PPS,Purchasing power standard (PPS),BE,Belgium,2010,,17438,,,,,
dataflow,ESTAT:ILC_DI03(1.0),Mean and median income by age and sex,A,Annual,Y_GE18,18 years or over,T,Total,MED_E,Median equivalised net income,PPS,Purchasing power standard (PPS),BE,Belgium,2011,,18297,,,,,
dataflow,ESTAT:ILC_DI03(1.0),Mean and median income by age and sex,A,Annual,Y_GE18,18 years or over,T,Total,MED_E,Median equivalised net income,PPS,Purchasing power standard (PPS),BE,Belgium,2012,,18495,,,,,
dataflow,ESTAT:ILC_DI03(1.0),Mean and median income by age and sex,A,Annual,Y_GE18,18 years or over,T,Total,MED_E,Median equivalised net income,PPS,Purchasing power standard (PPS),BE,Belgium,2013,,19777,,,,,
dataflow,ESTAT:ILC_DI03(1.0),Mean and median income by age and sex,A,Annual,Y_GE18,18 years or over,T,Total,MED_E,Median equivalised net income,PPS,Purchasing power standard (PPS),BE,Belgium,2014,,19690,,,,,
dataflow,ESTAT:ILC_DI03(1.0),Mean and median income by age and sex,A,Annual,Y_GE18,18 years or over,T,Total,MED_E,Median equivalised net income,PPS,Purchasing power standard (PPS),BE,Belgium,2015,,20117,,,,,
dataflow,ESTAT:ILC_DI03(1.0),Mean and median income by age and sex,A,Annual,Y_GE18,18 years or over,T,Total,MED_E,Median equivalised net income,PPS,Purchasing power standard (PPS),BE,Belgium,2016,,21308,,,,,
dataflow,ESTAT:ILC_DI03(1.0),Mean and median income by age and sex,A,Annual,Y_GE18,18 years or over,T,Total,MED_E,Median equivalised net income,PPS,Purchasing power standard (PPS),BE,Belgium,2017,,20901,,,,,
dataflow,ESTAT:ILC_DI03(1.0),Mean and median income by age and sex,A,Annual,Y_GE18,18 years or over,T,Total,MED_E,Median equivalised net income,PPS,Purchasing power standard (PPS),BE,Belgium,2018,,21412,,,,,
dataflow,ESTAT:ILC_DI03(1.0),Mean and median income by age and sex,A,Annual,Y_GE18,18 years or over,T,Total,MED_E,Median equivalised net income,PPS,Purchasing power standard (PPS),BE,Belgium,2019,,22215,,b,break in time series,,
dataflow,ESTAT:ILC_DI03(1.0),Mean and median income by age and sex,A,Annual,Y_GE18,18 years or over,T,Total,MED_E,Median equivalised net income,PPS,Purchasing power standard (PPS),BE,Belgium,2020,,22437,,,,,
dataflow,ESTAT:ILC_DI03(1.0),Mean and median income by age and sex,A,Annual,Y_GE18,18 years or over,T,Total,MED_E,Median equivalised net income,PPS,Purchasing power standard (PPS),BG,Bulgaria,2009,,5787,,,,,
dataflow,ESTAT:ILC_DI03(1.0),Mean and median income by age and sex,A,Annual,Y_GE18,18 years or over,T,Total,MED_E,Median equivalised net income,PPS,Purchasing power standard (PPS),BG,Bulgaria,2010,,5990,,,,,
dataflow,ESTAT:ILC_DI03(1.0),Mean and median income by age and sex,A,Annual,Y_GE18,18 years or over,T,Total,MED_E,Median equivalised net income,PPS,Purchasing power standard (PPS),BG,Bulgaria,2011,,5918,,,,,
dataflow,ESTAT:ILC_DI03(1.0),Mean and median income by age and sex,A,Annual,Y_GE18,18 years or over,T,Total,MED_E,Median equivalised net income,PPS,Purchasing power standard (PPS),BG,Bulgaria,2012,,5786,,,,,
dataflow,ESTAT:ILC_DI03(1.0),Mean and median income by age and sex,A,Annual,Y_GE18,18 years or over,T,Total,MED_E,Median equivalised net income,PPS,Purchasing power standard (PPS),BG,Bulgaria,2013,,6021,,,,,
dataflow,ESTAT:ILC_DI03(1.0),Mean and median income by age and sex,A,Annual,Y_GE18,18 years or over,T,Total,MED_E,Median equivalised net income,PPS,Purchasing power standard (PPS),BG,Bulgaria,2014,,6929,,,,,
dataflow,ESTAT:ILC_DI03(1.0),Mean and median income by age and sex,A,Annual,Y_GE18,18 years or over,T,Total,MED_E,Median equivalised net income,PPS,Purchasing power standard (PPS),BG,Bulgaria,2015,,6971,,,,,
dataflow,ESTAT:ILC_DI03(1.0),Mean and median income by age and sex,A,Annual,Y_GE18,18 years or over,T,Total,MED_E,Median equivalised net income,PPS,Purchasing power standard (PPS),BG,Bulgaria,2016,,6873,,b,break in time series,,
dataflow,ESTAT:ILC_DI03(1.0),Mean and median income by age and sex,A,Annual,Y_GE18,18 years or over,T,Total,MED_E,Median equivalised net income,PPS,Purchasing power standard (PPS),BG,Bulgaria,2017,,7656,,,,,
dataflow,ESTAT:ILC_DI03(1.0),Mean and median income by age and sex,A,Annual,Y_GE18,18 years or over,T,Total,MED_E,Median equivalised net income,PPS,Purchasing power standard (PPS),BG,Bulgaria,2018,,7336,,,,,
dataflow,ESTAT:ILC_DI03(1.0),Mean and median income by age and sex,A,Annual,Y_GE18,18 years or over,T,Total,MED_E,Median equivalised net income,PPS,Purchasing power standard (PPS),BG,Bulgaria,2019,,8492,,,,,
dataflow,ESTAT:ILC_DI03(1.0),Mean and median income by age and sex,A,Annual,Y_GE18,18 years or over,T,Total,MED_E,Median equivalised net income,PPS,Purchasing power standard (PPS),BG,Bulgaria,2020,,8782,,,,,
dataflow,ESTAT:ILC_DI03(1.0),Mean and median income by age and sex,A,Annual,Y_GE18,18 years or over,T,Total,MED_E,Median equivalised net income,PPS,Purchasing power standard (PPS),CY,Cyprus,2009,,19057,,,,,
dataflow,ESTAT:ILC_DI03(1.0),Mean and median income by age and sex,A,Annual,Y_GE18,18 years or over,T,Total,MED_E,Median equivalised net income,PPS,Purchasing power standard (PPS),CY,Cyprus,2010,,18239,,,,,
dataflow,ESTAT:ILC_DI03(1.0),Mean and median income by age and sex,A,Annual,Y_GE18,18 years or over,T,Total,MED_E,Median equivalised net income,PPS,Purchasing power standard (PPS),CY,Cyprus,2011,,19238,,,,,
dataflow,ESTAT:ILC_DI03(1.0),Mean and median income by age and sex,A,Annual,Y_GE18,18 years or over,T,Total,MED_E,Median equivalised net income,PPS,Purchasing power standard (PPS),CY,Cyprus,2012,,19168,,,,,
dataflow,ESTAT:ILC_DI03(1.0),Mean and median income by age and sex,A,Annual,Y_GE18,18 years or over,T,Total,MED_E,Median equivalised net income,PPS,Purchasing power standard (PPS),CY,Cyprus,2013,,17278,,,,,
dataflow,ESTAT:ILC_DI03(1.0),Mean and median income by age and sex,A,Annual,Y_GE18,18 years or over,T,Total,MED_E,Median equivalised net income,PPS,Purchasing power standard (PPS),CY,Cyprus,2014,,15839,,,,,
dataflow,ESTAT:ILC_DI03(1.0),Mean and median income by age and sex,A,Annual,Y_GE18,18 years or over,T,Total,MED_E,Median equivalised net income,PPS,Purchasing power standard (PPS),CY,Cyprus,2015,,15467,,,,,
dataflow,ESTAT:ILC_DI03(1.0),Mean and median income by age and sex,A,Annual,Y_GE18,18 years or over,T,Total,MED_E,Median equivalised net income,PPS,Purchasing power standard (PPS),CY,Cyprus,2016,,16302,,,,,
dataflow,ESTAT:ILC_DI03(1.0),Mean and median income by age and sex,A,Annual,Y_GE18,18 years or over,T,Total,MED_E,Median equivalised net income,PPS,Purchasing power standard (PPS),CY,Cyprus,2017,,16975,,,,,
dataflow,ESTAT:ILC_DI03(1.0),Mean and median income by age and sex,A,Annual,Y_GE18,18 years or over,T,Total,MED_E,Median equivalised net income,PPS,Purchasing power standard (PPS),CY,Cyprus,2018,,17710,,,,,
dataflow,ESTAT:ILC_DI03(1.0),Mean and median income by age and sex,A,Annual,Y_GE18,18 years or over,T,Total,MED_E,Median equivalised net income,PPS,Purchasing power standard (PPS),CY,Cyprus,2019,,19187,,,,,
dataflow,ESTAT:ILC_DI03(1.0),Mean and median income by age and sex,A,Annual,Y_GE18,18 years or over,T,Total,MED_E,Median equivalised net income,PPS,Purchasing power standard (PPS),CY,Cyprus,2020,,18793,,,,,
dataflow,ESTAT:ILC_DI03(1.0),Mean and median income by age and sex,A,Annual,Y_GE18,18 years or over,T,Total,MED_E,Median equivalised net income,PPS,Purchasing power standard (PPS),CZ,Czechia,2009,,10263,,,,,
dataflow,ESTAT:ILC_DI03(1.0),Mean and median income by age and sex,A,Annual,Y_GE18,18 years or over,T,Total,MED_E,Median equivalised net income,PPS,Purchasing power standard (PPS),CZ,Czechia,2010,,9806,,,,,
dataflow,ESTAT:ILC_DI03(1.0),Mean and median income by age and sex,A,Annual,Y_GE18,18 years or over,T,Total,MED_E,Median equivalised net income,PPS,Purchasing power standard (PPS),CZ,Czechia,2011,,10145,,,,,
dataflow,ESTAT:ILC_DI03(1.0),Mean and median income by age and sex,A,Annual,Y_GE18,18 years or over,T,Total,MED_E,Median equivalised net income,PPS,Purchasing power standard (PPS),CZ,Czechia,2012,,10449,,,,,
dataflow,ESTAT:ILC_DI03(1.0),Mean and median income by age and sex,A,Annual,Y_GE18,18 years or over,T,Total,MED_E,Median equivalised net income,PPS,Purchasing power standard (PPS),CZ,Czechia,2013,,10903,,,,,
dataflow,ESTAT:ILC_DI03(1.0),Mean and median income by age and sex,A,Annual,Y_GE18,18 years or over,T,Total,MED_E,Median equivalised net income,PPS,Purchasing power standard (PPS),CZ,Czechia,2014,,11179,,,,,
dataflow,ESTAT:ILC_DI03(1.0),Mean and median income by age and sex,A,Annual,Y_GE18,18 years or over,T,Total,MED_E,Median equivalised net income,PPS,Purchasing power standard (PPS),CZ,Czechia,2015,,11723,,,,,
dataflow,ESTAT:ILC_DI03(1.0),Mean and median income by age and sex,A,Annual,Y_GE18,18 years or over,T,Total,MED_E,Median equivalised net income,PPS,Purchasing power standard (PPS),CZ,Czechia,2016,,12585,,,,,
dataflow,ESTAT:ILC_DI03(1.0),Mean and median income by age and sex,A,Annual,Y_GE18,18 years or over,T,Total,MED_E,Median equivalised net income,PPS,Purchasing power standard (PPS),CZ,Czechia,2017,,12670,,,,,
dataflow,ESTAT:ILC_DI03(1.0),Mean and median income by age and sex,A,Annual,Y_GE18,18 years or over,T,Total,MED_E,Median equivalised net income,PPS,Purchasing power standard (PPS),CZ,Czechia,2018,,13269,,,,,
dataflow,ESTAT:ILC_DI03(1.0),Mean and median income by age and sex,A,Annual,Y_GE18,18 years or over,T,Total,MED_E,Median equivalised net income,PPS,Purchasing power standard (PPS),CZ,Czechia,2019,,14035,,,,,
dataflow,ESTAT:ILC_DI03(1.0),Mean and median income by age and sex,A,Annual,Y_GE18,18 years or over,T,Total,MED_E,Median equivalised net income,PPS,Purchasing power standard (PPS),CZ,Czechia,2020,,14253,,,,,
dataflow,ESTAT:ILC_DI03(1.0),Mean and median income by age and sex,A,Annual,Y_GE18,18 years or over,T,Total,MED_E,Median equivalised net income,PPS,Purchasing power standard (PPS),DE,Germany,2009,,18199,,,,,
dataflow,ESTAT:ILC_DI03(1.0),Mean and median income by age and sex,A,Annual,Y_GE18,18 years or over,T,Total,MED_E,Median equivalised net income,PPS,Purchasing power standard (PPS),DE,Germany,2010,,17848,,,,,
dataflow,ESTAT:ILC_DI03(1.0),Mean and median income by age and sex,A,Annual,Y_GE18,18 years or over,T,Total,MED_E,Median equivalised net income,PPS,Purchasing power standard (PPS),DE,Germany,2011,,18708,,,,,
dataflow,ESTAT:ILC_DI03(1.0),Mean and median income by age and sex,A,Annual,Y_GE18,18 years or over,T,Total,MED_E,Median equivalised net income,PPS,Purchasing power standard (PPS),DE,Germany,2012,,19416,,,,,
dataflow,ESTAT:ILC_DI03(1.0),Mean and median income by age and sex,A,Annual,Y_GE18,18 years or over,T,Total,MED_E,Median equivalised net income,PPS,Purchasing power standard (PPS),DE,Germany,2013,,19642,,,,,
dataflow,ESTAT:ILC_DI03(1.0),Mean and median income by age and sex,A,Annual,Y_GE18,18 years or over,T,Total,MED_E,Median equivalised net income,PPS,Purchasing power standard (PPS),DE,Germany,2014,,19405,,,,,
dataflow,ESTAT:ILC_DI03(1.0),Mean and median income by age and sex,A,Annual,Y_GE18,18 years or over,T,Total,MED_E,Median equivalised net income,PPS,Purchasing power standard (PPS),DE,Germany,2015,,20546,,,,,
dataflow,ESTAT:ILC_DI03(1.0),Mean and median income by age and sex,A,Annual,Y_GE18,18 years or over,T,Total,MED_E,Median equivalised net income,PPS,Purchasing power standard (PPS),DE,Germany,2016,,21342,,,,,
dataflow,ESTAT:ILC_DI03(1.0),Mean and median income by age and sex,A,Annual,Y_GE18,18 years or over,T,Total,MED_E,Median equivalised net income,PPS,Purchasing power standard (PPS),DE,Germany,2017,,21579,,,,,
dataflow,ESTAT:ILC_DI03(1.0),Mean and median income by age and sex,A,Annual,Y_GE18,18 years or over,T,Total,MED_E,Median equivalised net income,PPS,Purchasing power standard (PPS),DE,Germany,2018,,22144,,,,,
dataflow,ESTAT:ILC_DI03(1.0),Mean and median income by age and sex,A,Annual,Y_GE18,18 years or over,T,Total,MED_E,Median equivalised net income,PPS,Purchasing power standard (PPS),DE,Germany,2019,,22871,,,,,
dataflow,ESTAT:ILC_DI03(1.0),Mean and median income by age and sex,A,Annual,Y_GE18,18 years or over,T,Total,MED_E,Median equivalised net income,PPS,Purchasing power standard (PPS),DE,Germany,2020,,24477,,b,break in time series,,
dataflow,ESTAT:ILC_DI03(1.0),Mean and median income by age and sex,A,Annual,Y_GE18,18 years or over,T,Total,MED_E,Median equivalised net income,PPS,Purchasing power standard (PPS),DK,Denmark,2009,,17848,,,,,
dataflow,ESTAT:ILC_DI03(1.0),Mean and median income by age and sex,A,Annual,Y_GE18,18 years or over,T,Total,MED_E,Median equivalised net income,PPS,Purchasing power standard (PPS),DK,Denmark,2010,,17901,,,,,
dataflow,ESTAT:ILC_DI03(1.0),Mean and median income by age and sex,A,Annual,Y_GE18,18 years or over,T,Total,MED_E,Median equivalised net income,PPS,Purchasing power standard (PPS),DK,Denmark,2011,,19163,,b,break in time series,,
dataflow,ESTAT:ILC_DI03(1.0),Mean and median income by age and sex,A,Annual,Y_GE18,18 years or over,T,Total,MED_E,Median equivalised net income,PPS,Purchasing power standard (PPS),DK,Denmark,2012,,19182,,,,,
dataflow,ESTAT:ILC_DI03(1.0),Mean and median income by age and sex,A,Annual,Y_GE18,18 years or over,T,Total,MED_E,Median equivalised net income,PPS,Purchasing power standard (PPS),DK,Denmark,2013,,19553,,,,,
dataflow,ESTAT:ILC_DI03(1.0),Mean and median income by age and sex,A,Annual,Y_GE18,18 years or over,T,Total,MED_E,Median equivalised net income,PPS,Purchasing power standard (PPS),DK,Denmark,2014,,19933,,,,,
dataflow,ESTAT:ILC_DI03(1.0),Mean and median income by age and sex,A,Annual,Y_GE18,18 years or over,T,Total,MED_E,Median equivalised net income,PPS,Purchasing power standard (PPS),DK,Denmark,2015,,20263,,,,,
dataflow,ESTAT:ILC_DI03(1.0),Mean and median income by age and sex,A,Annual,Y_GE18,18 years or over,T,Total,MED_E,Median equivalised net income,PPS,Purchasing power standard (PPS),DK,Denmark,2016,,21067,,,,,
dataflow,ESTAT:ILC_DI03(1.0),Mean and median income by age and sex,A,Annual,Y_GE18,18 years or over,T,Total,MED_E,Median equivalised net income,PPS,Purchasing power standard (PPS),DK,Denmark,2017,,20730,,,,,
dataflow,ESTAT:ILC_DI03(1.0),Mean and median income by age and sex,A,Annual,Y_GE18,18 years or over,T,Total,MED_E,Median equivalised net income,PPS,Purchasing power standard (PPS),DK,Denmark,2018,,21636,,,,,
dataflow,ESTAT:ILC_DI03(1.0),Mean and median income by age and sex,A,Annual,Y_GE18,18 years or over,T,Total,MED_E,Median equivalised net income,PPS,Purchasing power standard (PPS),DK,Denmark,2019,,22167,,,,,
dataflow,ESTAT:ILC_DI03(1.0),Mean and median income by age and sex,A,Annual,Y_GE18,18 years or over,T,Total,MED_E,Median equivalised net income,PPS,Purchasing power standard (PPS),DK,Denmark,2020,,21673,,b,break in time series,,
dataflow,ESTAT:ILC_DI03(1.0),Mean and median income by age and sex,A,Annual,Y_GE18,18 years or over,T,Total,MED_E,Median equivalised net income,PPS,Purchasing power standard (PPS),EE,Estonia,2009,,8119,,,,,
dataflow,ESTAT:ILC_DI03(1.0),Mean and median income by age and sex,A,Annual,Y_GE18,18 years or over,T,Total,MED_E,Median equivalised net income,PPS,Purchasing power standard (PPS),EE,Estonia,2010,,7354,,,,,
dataflow,ESTAT:ILC_DI03(1.0),Mean and median income by age and sex,A,Annual,Y_GE18,18 years or over,T,Total,MED_E,Median equivalised net income,PPS,Purchasing power standard (PPS),EE,Estonia,2011,,7371,,,,,
dataflow,ESTAT:ILC_DI03(1.0),Mean and median income by age and sex,A,Annual,Y_GE18,18 years or over,T,Total,MED_E,Median equivalised net income,PPS,Purchasing power standard (PPS),EE,Estonia,2012,,7816,,,,,
dataflow,ESTAT:ILC_DI03(1.0),Mean and median income by age and sex,A,Annual,Y_GE18,18 years or over,T,Total,MED_E,Median equivalised net income,PPS,Purchasing power standard (PPS),EE,Estonia,2013,,8520,,,,,
dataflow,ESTAT:ILC_DI03(1.0),Mean and median income by age and sex,A,Annual,Y_GE18,18 years or over,T,Total,MED_E,Median equivalised net income,PPS,Purchasing power standard (PPS),EE,Estonia,2014,,8965,,b,break in time series,,
dataflow,ESTAT:ILC_DI03(1.0),Mean and median income by age and sex,A,Annual,Y_GE18,18 years or over,T,Total,MED_E,Median equivalised net income,PPS,Purchasing power standard (PPS),EE,Estonia,2015,,10367,,,,,
dataflow,ESTAT:ILC_DI03(1.0),Mean and median income by age and sex,A,Annual,Y_GE18,18 years or over,T,Total,MED_E,Median equivalised net income,PPS,Purchasing power standard (PPS),EE,Estonia,2016,,11709,,,,,
dataflow,ESTAT:ILC_DI03(1.0),Mean and median income by age and sex,A,Annual,Y_GE18,18 years or over,T,Total,MED_E,Median equivalised net income,PPS,Purchasing power standard (PPS),EE,Estonia,2017,,12337,,,,,
dataflow,ESTAT:ILC_DI03(1.0),Mean and median income by age and sex,A,Annual,Y_GE18,18 years or over,T,Total,MED_E,Median equivalised net income,PPS,Purchasing power standard (PPS),EE,Estonia,2018,,13202,,,,,
dataflow,ESTAT:ILC_DI03(1.0),Mean and median income by age and sex,A,Annual,Y_GE18,18 years or over,T,Total,MED_E,Median equivalised net income,PPS,Purchasing power standard (PPS),EE,Estonia,2019,,14029,,,,,
dataflow,ESTAT:ILC_DI03(1.0),Mean and median income by age and sex,A,Annual,Y_GE18,18 years or over,T,Total,MED_E,Median equivalised net income,PPS,Purchasing power standard (PPS),EE,Estonia,2020,,14226,,,,,
dataflow,ESTAT:ILC_DI03(1.0),Mean and median income by age and sex,A,Annual,Y_GE18,18 years or over,T,Total,MED_E,Median equivalised net income,PPS,Purchasing power standard (PPS),EL,Greece,2009,,12758,,,,,
dataflow,ESTAT:ILC_DI03(1.0),Mean and median income by age and sex,A,Annual,Y_GE18,18 years or over,T,Total,MED_E,Median equivalised net income,PPS,Purchasing power standard (PPS),EL,Greece,2010,,12685,,,,,
dataflow,ESTAT:ILC_DI03(1.0),Mean and median income by age and sex,A,Annual,Y_GE18,18 years or over,T,Total,MED_E,Median equivalised net income,PPS,Purchasing power standard (PPS),EL,Greece,2011,,11662,,,,,
dataflow,ESTAT:ILC_DI03(1.0),Mean and median income by age and sex,A,Annual,Y_GE18,18 years or over,T,Total,MED_E,Median equivalised net income,PPS,Purchasing power standard (PPS),EL,Greece,2012,,10124,,,,,
dataflow,ESTAT:ILC_DI03(1.0),Mean and median income by age and sex,A,Annual,Y_GE18,18 years or over,T,Total,MED_E,Median equivalised net income,PPS,Purchasing power standard (PPS),EL,Greece,2013,,9185,,,,,
dataflow,ESTAT:ILC_DI03(1.0),Mean and median income by age and sex,A,Annual,Y_GE18,18 years or over,T,Total,MED_E,Median equivalised net income,PPS,Purchasing power standard (PPS),EL,Greece,2014,,8810,,,,,
dataflow,ESTAT:ILC_DI03(1.0),Mean and median income by age and sex,A,Annual,Y_GE18,18 years or over,T,Total,MED_E,Median equivalised net income,PPS,Purchasing power standard (PPS),EL,Greece,2015,,8954,,,,,
dataflow,ESTAT:ILC_DI03(1.0),Mean and median income by age and sex,A,Annual,Y_GE18,18 years or over,T,Total,MED_E,Median equivalised net income,PPS,Purchasing power standard (PPS),EL,Greece,2016,,9260,,,,,
dataflow,ESTAT:ILC_DI03(1.0),Mean and median income by age and sex,A,Annual,Y_GE18,18 years or over,T,Total,MED_E,Median equivalised net income,PPS,Purchasing power standard (PPS),EL,Greece,2017,,9217,,,,,
dataflow,ESTAT:ILC_DI03(1.0),Mean and median income by age and sex,A,Annual,Y_GE18,18 years or over,T,Total,MED_E,Median equivalised net income,PPS,Purchasing power standard (PPS),EL,Greece,2018,,9405,,,,,
dataflow,ESTAT:ILC_DI03(1.0),Mean and median income by age and sex,A,Annual,Y_GE18,18 years or over,T,Total,MED_E,Median equivalised net income,PPS,Purchasing power standard (PPS),EL,Greece,2019,,9981,,,,,
dataflow,ESTAT:ILC_DI03(1.0),Mean and median income by age and sex,A,Annual,Y_GE18,18 years or over,T,Total,MED_E,Median equivalised net income,PPS,Purchasing power standard (PPS),EL,Greece,2020,,10370,,,,,
dataflow,ESTAT:ILC_DI03(1.0),Mean and median income by age and sex,A,Annual,Y_GE18,18 years or over,T,Total,MED_E,Median equivalised net income,PPS,Purchasing power standard (PPS),ES,Spain,2009,,15941,,,,,
dataflow,ESTAT:ILC_DI03(1.0),Mean and median income by age and sex,A,Annual,Y_GE18,18 years or over,T,Total,MED_E,Median equivalised net income,PPS,Purchasing power standard (PPS),ES,Spain,2010,,15406,,,,,
dataflow,ESTAT:ILC_DI03(1.0),Mean and median income by age and sex,A,Annual,Y_GE18,18 years or over,T,Total,MED_E,Median equivalised net income,PPS,Purchasing power standard (PPS),ES,Spain,2011,,14760,,,,,
dataflow,ESTAT:ILC_DI03(1.0),Mean and median income by age and sex,A,Annual,Y_GE18,18 years or over,T,Total,MED_E,Median equivalised net income,PPS,Purchasing power standard (PPS),ES,Spain,2012,,14633,,,,,
dataflow,ESTAT:ILC_DI03(1.0),Mean and median income by age and sex,A,Annual,Y_GE18,18 years or over,T,Total,MED_E,Median equivalised net income,PPS,Purchasing power standard (PPS),ES,Spain,2013,,14628,,,,,
dataflow,ESTAT:ILC_DI03(1.0),Mean and median income by age and sex,A,Annual,Y_GE18,18 years or over,T,Total,MED_E,Median equivalised net income,PPS,Purchasing power standard (PPS),ES,Spain,2014,,14553,,,,,
dataflow,ESTAT:ILC_DI03(1.0),Mean and median income by age and sex,A,Annual,Y_GE18,18 years or over,T,Total,MED_E,Median equivalised net income,PPS,Purchasing power standard (PPS),ES,Spain,2015,,14742,,,,,
dataflow,ESTAT:ILC_DI03(1.0),Mean and median income by age and sex,A,Annual,Y_GE18,18 years or over,T,Total,MED_E,Median equivalised net income,PPS,Purchasing power standard (PPS),ES,Spain,2016,,15629,,,,,
dataflow,ESTAT:ILC_DI03(1.0),Mean and median income by age and sex,A,Annual,Y_GE18,18 years or over,T,Total,MED_E,Median equivalised net income,PPS,Purchasing power standard (PPS),ES,Spain,2017,,15782,,,,,
dataflow,ESTAT:ILC_DI03(1.0),Mean and median income by age and sex,A,Annual,Y_GE18,18 years or over,T,Total,MED_E,Median equivalised net income,PPS,Purchasing power standard (PPS),ES,Spain,2018,,16240,,,,,
dataflow,ESTAT:ILC_DI03(1.0),Mean and median income by age and sex,A,Annual,Y_GE18,18 years or over,T,Total,MED_E,Median equivalised net income,PPS,Purchasing power standard (PPS),ES,Spain,2019,,16446,,,,,
dataflow,ESTAT:ILC_DI03(1.0),Mean and median income by age and sex,A,Annual,Y_GE18,18 years or over,T,Total,MED_E,Median equivalised net income,PPS,Purchasing power standard (PPS),ES,Spain,2020,,17037,,,,,
dataflow,ESTAT:ILC_DI03(1.0),Mean and median income by age and sex,A,Annual,Y_GE18,18 years or over,T,Total,MED_E,Median equivalised net income,PPS,Purchasing power standard (PPS),FI,Finland,2009,,17508,,,,,
dataflow,ESTAT:ILC_DI03(1.0),Mean and median income by age and sex,A,Annual,Y_GE18,18 years or over,T,Total,MED_E,Median equivalised net income,PPS,Purchasing power standard (PPS),FI,Finland,2010,,17352,,,,,
dataflow,ESTAT:ILC_DI03(1.0),Mean and median income by age and sex,A,Annual,Y_GE18,18 years or over,T,Total,MED_E,Median equivalised net income,PPS,Purchasing power standard (PPS),FI,Finland,2011,,18102,,,,,
dataflow,ESTAT:ILC_DI03(1.0),Mean and median income by age and sex,A,Annual,Y_GE18,18 years or over,T,Total,MED_E,Median equivalised net income,PPS,Purchasing power standard (PPS),FI,Finland,2012,,18673,,,,,
dataflow,ESTAT:ILC_DI03(1.0),Mean and median income by age and sex,A,Annual,Y_GE18,18 years or over,T,Total,MED_E,Median equivalised net income,PPS,Purchasing power standard (PPS),FI,Finland,2013,,19268,,,,,
dataflow,ESTAT:ILC_DI03(1.0),Mean and median income by age and sex,A,Annual,Y_GE18,18 years or over,T,Total,MED_E,Median equivalised net income,PPS,Purchasing power standard (PPS),FI,Finland,2014,,19401,,,,,
dataflow,ESTAT:ILC_DI03(1.0),Mean and median income by age and sex,A,Annual,Y_GE18,18 years or over,T,Total,MED_E,Median equivalised net income,PPS,Purchasing power standard (PPS),FI,Finland,2015,,19475,,,,,
dataflow,ESTAT:ILC_DI03(1.0),Mean and median income by age and sex,A,Annual,Y_GE18,18 years or over,T,Total,MED_E,Median equivalised net income,PPS,Purchasing power standard (PPS),FI,Finland,2016,,20121,,,,,
dataflow,ESTAT:ILC_DI03(1.0),Mean and median income by age and sex,A,Annual,Y_GE18,18 years or over,T,Total,MED_E,Median equivalised net income,PPS,Purchasing power standard (PPS),FI,Finland,2017,,19986,,,,,
dataflow,ESTAT:ILC_DI03(1.0),Mean and median income by age and sex,A,Annual,Y_GE18,18 years or over,T,Total,MED_E,Median equivalised net income,PPS,Purchasing power standard (PPS),FI,Finland,2018,,20172,,,,,
dataflow,ESTAT:ILC_DI03(1.0),Mean and median income by age and sex,A,Annual,Y_GE18,18 years or over,T,Total,MED_E,Median equivalised net income,PPS,Purchasing power standard (PPS),FI,Finland,2019,,20458,,,,,
dataflow,ESTAT:ILC_DI03(1.0),Mean and median income by age and sex,A,Annual,Y_GE18,18 years or over,T,Total,MED_E,Median equivalised net income,PPS,Purchasing power standard (PPS),FI,Finland,2020,,20399,,,,,
dataflow,ESTAT:ILC_DI03(1.0),Mean and median income by age and sex,A,Annual,Y_GE18,18 years or over,T,Total,MED_E,Median equivalised net income,PPS,Purchasing power standard (PPS),FR,France,2009,,18175,,,,,
dataflow,ESTAT:ILC_DI03(1.0),Mean and median income by age and sex,A,Annual,Y_GE18,18 years or over,T,Total,MED_E,Median equivalised net income,PPS,Purchasing power standard (PPS),FR,France,2010,,18194,,,,,
dataflow,ESTAT:ILC_DI03(1.0),Mean and median income by age and sex,A,Annual,Y_GE18,18 years or over,T,Total,MED_E,Median equivalised net income,PPS,Purchasing power standard (PPS),FR,France,2011,,18675,,,,,
dataflow,ESTAT:ILC_DI03(1.0),Mean and median income by age and sex,A,Annual,Y_GE18,18 years or over,T,Total,MED_E,Median equivalised net income,PPS,Purchasing power standard (PPS),FR,France,2012,,19224,,,,,
dataflow,ESTAT:ILC_DI03(1.0),Mean and median income by age and sex,A,Annual,Y_GE18,18 years or over,T,Total,MED_E,Median equivalised net income,PPS,Purchasing power standard (PPS),FR,France,2013,,19612,,,,,
dataflow,ESTAT:ILC_DI03(1.0),Mean and median income by age and sex,A,Annual,Y_GE18,18 years or over,T,Total,MED_E,Median equivalised net income,PPS,Purchasing power standard (PPS),FR,France,2014,,19703,,,,,
dataflow,ESTAT:ILC_DI03(1.0),Mean and median income by age and sex,A,Annual,Y_GE18,18 years or over,T,Total,MED_E,Median equivalised net income,PPS,Purchasing power standard (PPS),FR,France,2015,,20322,,,,,
dataflow,ESTAT:ILC_DI03(1.0),Mean and median income by age and sex,A,Annual,Y_GE18,18 years or over,T,Total,MED_E,Median equivalised net income,PPS,Purchasing power standard (PPS),FR,France,2016,,21071,,,,,
dataflow,ESTAT:ILC_DI03(1.0),Mean and median income by age and sex,A,Annual,Y_GE18,18 years or over,T,Total,MED_E,Median equivalised net income,PPS,Purchasing power standard (PPS),FR,France,2017,,20853,,,,,
dataflow,ESTAT:ILC_DI03(1.0),Mean and median income by age and sex,A,Annual,Y_GE18,18 years or over,T,Total,MED_E,Median equivalised net income,PPS,Purchasing power standard (PPS),FR,France,2018,,20720,,,,,
dataflow,ESTAT:ILC_DI03(1.0),Mean and median income by age and sex,A,Annual,Y_GE18,18 years or over,T,Total,MED_E,Median equivalised net income,PPS,Purchasing power standard (PPS),FR,France,2019,,20794,,,,,
dataflow,ESTAT:ILC_DI03(1.0),Mean and median income by age and sex,A,Annual,Y_GE18,18 years or over,T,Total,MED_E,Median equivalised net income,PPS,Purchasing power standard (PPS),FR,France,2020,,19960,,b,break in time series,,
dataflow,ESTAT:ILC_DI03(1.0),Mean and median income by age and sex,A,Annual,Y_GE18,18 years or over,T,Total,MED_E,Median equivalised net income,PPS,Purchasing power standard (PPS),HU,Hungary,2009,,7013,,,,,
dataflow,ESTAT:ILC_DI03(1.0),Mean and median income by age and sex,A,Annual,Y_GE18,18 years or over,T,Total,MED_E,Median equivalised net income,PPS,Purchasing power standard (PPS),HU,Hungary,2010,,6893,,,,,
dataflow,ESTAT:ILC_DI03(1.0),Mean and median income by age and sex,A,Annual,Y_GE18,18 years or over,T,Total,MED_E,Median equivalised net income,PPS,Purchasing power standard (PPS),HU,Hungary,2011,,7300,,,,,
dataflow,ESTAT:ILC_DI03(1.0),Mean and median income by age and sex,A,Annual,Y_GE18,18 years or over,T,Total,MED_E,Median equivalised net income,PPS,Purchasing power standard (PPS),HU,Hungary,2012,,7703,,,,,
dataflow,ESTAT:ILC_DI03(1.0),Mean and median income by age and sex,A,Annual,Y_GE18,18 years or over,T,Total,MED_E,Median equivalised net income,PPS,Purchasing power standard (PPS),HU,Hungary,2013,,7408,,,,,
dataflow,ESTAT:ILC_DI03(1.0),Mean and median income by age and sex,A,Annual,Y_GE18,18 years or over,T,Total,MED_E,Median equivalised net income,PPS,Purchasing power standard (PPS),HU,Hungary,2014,,7761,,,,,
dataflow,ESTAT:ILC_DI03(1.0),Mean and median income by age and sex,A,Annual,Y_GE18,18 years or over,T,Total,MED_E,Median equivalised net income,PPS,Purchasing power standard (PPS),HU,Hungary,2015,,8084,,,,,
dataflow,ESTAT:ILC_DI03(1.0),Mean and median income by age and sex,A,Annual,Y_GE18,18 years or over,T,Total,MED_E,Median equivalised net income,PPS,Purchasing power standard (PPS),HU,Hungary,2016,,8482,,,,,
dataflow,ESTAT:ILC_DI03(1.0),Mean and median income by age and sex,A,Annual,Y_GE18,18 years or over,T,Total,MED_E,Median equivalised net income,PPS,Purchasing power standard (PPS),HU,Hungary,2017,,8532,,,,,
dataflow,ESTAT:ILC_DI03(1.0),Mean and median income by age and sex,A,Annual,Y_GE18,18 years or over,T,Total,MED_E,Median equivalised net income,PPS,Purchasing power standard (PPS),HU,Hungary,2018,,8719,,,,,
dataflow,ESTAT:ILC_DI03(1.0),Mean and median income by age and sex,A,Annual,Y_GE18,18 years or over,T,Total,MED_E,Median equivalised net income,PPS,Purchasing power standard (PPS),HU,Hungary,2019,,9364,,b,break in time series,,
dataflow,ESTAT:ILC_DI03(1.0),Mean and median income by age and sex,A,Annual,Y_GE18,18 years or over,T,Total,MED_E,Median equivalised net income,PPS,Purchasing power standard (PPS),HU,Hungary,2020,,9208,,,,,
dataflow,ESTAT:ILC_DI03(1.0),Mean and median income by age and sex,A,Annual,Y_GE18,18 years or over,T,Total,MED_E,Median equivalised net income,PPS,Purchasing power standard (PPS),IE,Ireland,2009,,18088,,,,,
dataflow,ESTAT:ILC_DI03(1.0),Mean and median income by age and sex,A,Annual,Y_GE18,18 years or over,T,Total,MED_E,Median equivalised net income,PPS,Purchasing power standard (PPS),IE,Ireland,2010,,17429,,,,,
dataflow,ESTAT:ILC_DI03(1.0),Mean and median income by age and sex,A,Annual,Y_GE18,18 years or over,T,Total,MED_E,Median equivalised net income,PPS,Purchasing power standard (PPS),IE,Ireland,2011,,17090,,,,,
dataflow,ESTAT:ILC_DI03(1.0),Mean and median income by age and sex,A,Annual,Y_GE18,18 years or over,T,Total,MED_E,Median equivalised net income,PPS,Purchasing power standard (PPS),IE,Ireland,2012,,16860,,,,,
dataflow,ESTAT:ILC_DI03(1.0),Mean and median income by age and sex,A,Annual,Y_GE18,18 years or over,T,Total,MED_E,Median equivalised net income,PPS,Purchasing power standard (PPS),IE,Ireland,2013,,17222,,,,,
dataflow,ESTAT:ILC_DI03(1.0),Mean and median income by age and sex,A,Annual,Y_GE18,18 years or over,T,Total,MED_E,Median equivalised net income,PPS,Purchasing power standard (PPS),IE,Ireland,2014,,16830,,,,,
dataflow,ESTAT:ILC_DI03(1.0),Mean and median income by age and sex,A,Annual,Y_GE18,18 years or over,T,Total,MED_E,Median equivalised net income,PPS,Purchasing power standard (PPS),IE,Ireland,2015,,18256,,,,,
dataflow,ESTAT:ILC_DI03(1.0),Mean and median income by age and sex,A,Annual,Y_GE18,18 years or over,T,Total,MED_E,Median equivalised net income,PPS,Purchasing power standard (PPS),IE,Ireland,2016,,18857,,,,,
dataflow,ESTAT:ILC_DI03(1.0),Mean and median income by age and sex,A,Annual,Y_GE18,18 years or over,T,Total,MED_E,Median equivalised net income,PPS,Purchasing power standard (PPS),IE,Ireland,2017,,18611,,,,,
dataflow,ESTAT:ILC_DI03(1.0),Mean and median income by age and sex,A,Annual,Y_GE18,18 years or over,T,Total,MED_E,Median equivalised net income,PPS,Purchasing power standard (PPS),IE,Ireland,2018,,19968,,,,,
dataflow,ESTAT:ILC_DI03(1.0),Mean and median income by age and sex,A,Annual,Y_GE18,18 years or over,T,Total,MED_E,Median equivalised net income,PPS,Purchasing power standard (PPS),IE,Ireland,2019,,20175,,b,break in time series,,
dataflow,ESTAT:ILC_DI03(1.0),Mean and median income by age and sex,A,Annual,Y_GE18,18 years or over,T,Total,MED_E,Median equivalised net income,PPS,Purchasing power standard (PPS),IE,Ireland,2020,,20264,,b,break in time series,,
dataflow,ESTAT:ILC_DI03(1.0),Mean and median income by age and sex,A,Annual,Y_GE18,18 years or over,T,Total,MED_E,Median equivalised net income,PPS,Purchasing power standard (PPS),IT,Italy,2009,,15596,,,,,
dataflow,ESTAT:ILC_DI03(1.0),Mean and median income by age and sex,A,Annual,Y_GE18,18 years or over,T,Total,MED_E,Median equivalised net income,PPS,Purchasing power standard (PPS),IT,Italy,2010,,15692,,,,,
dataflow,ESTAT:ILC_DI03(1.0),Mean and median income by age and sex,A,Annual,Y_GE18,18 years or over,T,Total,MED_E,Median equivalised net income,PPS,Purchasing power standard (PPS),IT,Italy,2011,,16149,,,,,
dataflow,ESTAT:ILC_DI03(1.0),Mean and median income by age and sex,A,Annual,Y_GE18,18 years or over,T,Total,MED_E,Median equivalised net income,PPS,Purchasing power standard (PPS),IT,Italy,2012,,15912,,,,,
dataflow,ESTAT:ILC_DI03(1.0),Mean and median income by age and sex,A,Annual,Y_GE18,18 years or over,T,Total,MED_E,Median equivalised net income,PPS,Purchasing power standard (PPS),IT,Italy,2013,,15684,,,,,
dataflow,ESTAT:ILC_DI03(1.0),Mean and median income by age and sex,A,Annual,Y_GE18,18 years or over,T,Total,MED_E,Median equivalised net income,PPS,Purchasing power standard (PPS),IT,Italy,2014,,15627,,,,,
dataflow,ESTAT:ILC_DI03(1.0),Mean and median income by age and sex,A,Annual,Y_GE18,18 years or over,T,Total,MED_E,Median equivalised net income,PPS,Purchasing power standard (PPS),IT,Italy,2015,,15759,,,,,
dataflow,ESTAT:ILC_DI03(1.0),Mean and median income by age and sex,A,Annual,Y_GE18,18 years or over,T,Total,MED_E,Median equivalised net income,PPS,Purchasing power standard (PPS),IT,Italy,2016,,16748,,,,,
dataflow,ESTAT:ILC_DI03(1.0),Mean and median income by age and sex,A,Annual,Y_GE18,18 years or over,T,Total,MED_E,Median equivalised net income,PPS,Purchasing power standard (PPS),IT,Italy,2017,,16951,,,,,
dataflow,ESTAT:ILC_DI03(1.0),Mean and median income by age and sex,A,Annual,Y_GE18,18 years or over,T,Total,MED_E,Median equivalised net income,PPS,Purchasing power standard (PPS),IT,Italy,2018,,17162,,,,,
dataflow,ESTAT:ILC_DI03(1.0),Mean and median income by age and sex,A,Annual,Y_GE18,18 years or over,T,Total,MED_E,Median equivalised net income,PPS,Purchasing power standard (PPS),IT,Italy,2019,,17485,,,,,
dataflow,ESTAT:ILC_DI03(1.0),Mean and median income by age and sex,A,Annual,Y_GE18,18 years or over,T,Total,MED_E,Median equivalised net income,PPS,Purchasing power standard (PPS),IT,Italy,2020,,18098,,,,,
dataflow,ESTAT:ILC_DI03(1.0),Mean and median income by age and sex,A,Annual,Y_GE18,18 years or over,T,Total,MED_E,Median equivalised net income,PPS,Purchasing power standard (PPS),LT,Lithuania,2009,,7218,,,,,
dataflow,ESTAT:ILC_DI03(1.0),Mean and median income by age and sex,A,Annual,Y_GE18,18 years or over,T,Total,MED_E,Median equivalised net income,PPS,Purchasing power standard (PPS),LT,Lithuania,2010,,6086,,,,,
dataflow,ESTAT:ILC_DI03(1.0),Mean and median income by age and sex,A,Annual,Y_GE18,18 years or over,T,Total,MED_E,Median equivalised net income,PPS,Purchasing power standard (PPS),LT,Lithuania,2011,,6134,,,,,
dataflow,ESTAT:ILC_DI03(1.0),Mean and median income by age and sex,A,Annual,Y_GE18,18 years or over,T,Total,MED_E,Median equivalised net income,PPS,Purchasing power standard (PPS),LT,Lithuania,2012,,6796,,,,,
dataflow,ESTAT:ILC_DI03(1.0),Mean and median income by age and sex,A,Annual,Y_GE18,18 years or over,T,Total,MED_E,Median equivalised net income,PPS,Purchasing power standard (PPS),LT,Lithuania,2013,,7378,,,,,
dataflow,ESTAT:ILC_DI03(1.0),Mean and median income by age and sex,A,Annual,Y_GE18,18 years or over,T,Total,MED_E,Median equivalised net income,PPS,Purchasing power standard (PPS),LT,Lithuania,2014,,7706,,,,,
dataflow,ESTAT:ILC_DI03(1.0),Mean and median income by age and sex,A,Annual,Y_GE18,18 years or over,T,Total,MED_E,Median equivalised net income,PPS,Purchasing power standard (PPS),LT,Lithuania,2015,,8350,,,,,
dataflow,ESTAT:ILC_DI03(1.0),Mean and median income by age and sex,A,Annual,Y_GE18,18 years or over,T,Total,MED_E,Median equivalised net income,PPS,Purchasing power standard (PPS),LT,Lithuania,2016,,9508,,,,,
dataflow,ESTAT:ILC_DI03(1.0),Mean and median income by age and sex,A,Annual,Y_GE18,18 years or over,T,Total,MED_E,Median equivalised net income,PPS,Purchasing power standard (PPS),LT,Lithuania,2017,,9963,,,,,
dataflow,ESTAT:ILC_DI03(1.0),Mean and median income by age and sex,A,Annual,Y_GE18,18 years or over,T,Total,MED_E,Median equivalised net income,PPS,Purchasing power standard (PPS),LT,Lithuania,2018,,10764,,,,,
dataflow,ESTAT:ILC_DI03(1.0),Mean and median income by age and sex,A,Annual,Y_GE18,18 years or over,T,Total,MED_E,Median equivalised net income,PPS,Purchasing power standard (PPS),LT,Lithuania,2019,,11733,,,,,
dataflow,ESTAT:ILC_DI03(1.0),Mean and median income by age and sex,A,Annual,Y_GE18,18 years or over,T,Total,MED_E,Median equivalised net income,PPS,Purchasing power standard (PPS),LT,Lithuania,2020,,12589,,,,,
dataflow,ESTAT:ILC_DI03(1.0),Mean and median income by age and sex,A,Annual,Y_GE18,18 years or over,T,Total,MED_E,Median equivalised net income,PPS,Purchasing power standard (PPS),LU,Luxembourg,2009,,27593,,,,,
dataflow,ESTAT:ILC_DI03(1.0),Mean and median income by age and sex,A,Annual,Y_GE18,18 years or over,T,Total,MED_E,Median equivalised net income,PPS,Purchasing power standard (PPS),LU,Luxembourg,2010,,27509,,,,,
dataflow,ESTAT:ILC_DI03(1.0),Mean and median income by age and sex,A,Annual,Y_GE18,18 years or over,T,Total,MED_E,Median equivalised net income,PPS,Purchasing power standard (PPS),LU,Luxembourg,2011,,27343,,,,,
dataflow,ESTAT:ILC_DI03(1.0),Mean and median income by age and sex,A,Annual,Y_GE18,18 years or over,T,Total,MED_E,Median equivalised net income,PPS,Purchasing power standard (PPS),LU,Luxembourg,2012,,27589,,,,,
dataflow,ESTAT:ILC_DI03(1.0),Mean and median income by age and sex,A,Annual,Y_GE18,18 years or over,T,Total,MED_E,Median equivalised net income,PPS,Purchasing power standard (PPS),LU,Luxembourg,2013,,29285,,,,,
dataflow,ESTAT:ILC_DI03(1.0),Mean and median income by age and sex,A,Annual,Y_GE18,18 years or over,T,Total,MED_E,Median equivalised net income,PPS,Purchasing power standard (PPS),LU,Luxembourg,2014,,29095,,,,,
dataflow,ESTAT:ILC_DI03(1.0),Mean and median income by age and sex,A,Annual,Y_GE18,18 years or over,T,Total,MED_E,Median equivalised net income,PPS,Purchasing power standard (PPS),LU,Luxembourg,2015,,30020,,,,,
dataflow,ESTAT:ILC_DI03(1.0),Mean and median income by age and sex,A,Annual,Y_GE18,18 years or over,T,Total,MED_E,Median equivalised net income,PPS,Purchasing power standard (PPS),LU,Luxembourg,2016,,28878,,b,break in time series,,
dataflow,ESTAT:ILC_DI03(1.0),Mean and median income by age and sex,A,Annual,Y_GE18,18 years or over,T,Total,MED_E,Median equivalised net income,PPS,Purchasing power standard (PPS),LU,Luxembourg,2017,,30319,,,,,
dataflow,ESTAT:ILC_DI03(1.0),Mean and median income by age and sex,A,Annual,Y_GE18,18 years or over,T,Total,MED_E,Median equivalised net income,PPS,Purchasing power standard (PPS),LU,Luxembourg,2018,,28723,,,,,
dataflow,ESTAT:ILC_DI03(1.0),Mean and median income by age and sex,A,Annual,Y_GE18,18 years or over,T,Total,MED_E,Median equivalised net income,PPS,Purchasing power standard (PPS),LU,Luxembourg,2019,,30035,,,,,
dataflow,ESTAT:ILC_DI03(1.0),Mean and median income by age and sex,A,Annual,Y_GE18,18 years or over,T,Total,MED_E,Median equivalised net income,PPS,Purchasing power standard (PPS),LU,Luxembourg,2020,,29621,,b,break in time series,,
dataflow,ESTAT:ILC_DI03(1.0),Mean and median income by age and sex,A,Annual,Y_GE18,18 years or over,T,Total,MED_E,Median equivalised net income,PPS,Purchasing power standard (PPS),LV,Latvia,2009,,7176,,,,,
dataflow,ESTAT:ILC_DI03(1.0),Mean and median income by age and sex,A,Annual,Y_GE18,18 years or over,T,Total,MED_E,Median equivalised net income,PPS,Purchasing power standard (PPS),LV,Latvia,2010,,5911,,,,,
dataflow,ESTAT:ILC_DI03(1.0),Mean and median income by age and sex,A,Annual,Y_GE18,18 years or over,T,Total,MED_E,Median equivalised net income,PPS,Purchasing power standard (PPS),LV,Latvia,2011,,5999,,,,,
dataflow,ESTAT:ILC_DI03(1.0),Mean and median income by age and sex,A,Annual,Y_GE18,18 years or over,T,Total,MED_E,Median equivalised net income,PPS,Purchasing power standard (PPS),LV,Latvia,2012,,6126,,,,,
dataflow,ESTAT:ILC_DI03(1.0),Mean and median income by age and sex,A,Annual,Y_GE18,18 years or over,T,Total,MED_E,Median equivalised net income,PPS,Purchasing power standard (PPS),LV,Latvia,2013,,6488,,,,,
dataflow,ESTAT:ILC_DI03(1.0),Mean and median income by age and sex,A,Annual,Y_GE18,18 years or over,T,Total,MED_E,Median equivalised net income,PPS,Purchasing power standard (PPS),LV,Latvia,2014,,7362,,,,,
dataflow,ESTAT:ILC_DI03(1.0),Mean and median income by age and sex,A,Annual,Y_GE18,18 years or over,T,Total,MED_E,Median equivalised net income,PPS,Purchasing power standard (PPS),LV,Latvia,2015,,8084,,,,,
dataflow,ESTAT:ILC_DI03(1.0),Mean and median income by age and sex,A,Annual,Y_GE18,18 years or over,T,Total,MED_E,Median equivalised net income,PPS,Purchasing power standard (PPS),LV,Latvia,2016,,9166,,,,,
dataflow,ESTAT:ILC_DI03(1.0),Mean and median income by age and sex,A,Annual,Y_GE18,18 years or over,T,Total,MED_E,Median equivalised net income,PPS,Purchasing power standard (PPS),LV,Latvia,2017,,9245,,,,,
dataflow,ESTAT:ILC_DI03(1.0),Mean and median income by age and sex,A,Annual,Y_GE18,18 years or over,T,Total,MED_E,Median equivalised net income,PPS,Purchasing power standard (PPS),LV,Latvia,2018,,9924,,,,,
dataflow,ESTAT:ILC_DI03(1.0),Mean and median income by age and sex,A,Annual,Y_GE18,18 years or over,T,Total,MED_E,Median equivalised net income,PPS,Purchasing power standard (PPS),LV,Latvia,2019,,10810,,,,,
dataflow,ESTAT:ILC_DI03(1.0),Mean and median income by age and sex,A,Annual,Y_GE18,18 years or over,T,Total,MED_E,Median equivalised net income,PPS,Purchasing power standard (PPS),LV,Latvia,2020,,11128,,,,,
dataflow,ESTAT:ILC_DI03(1.0),Mean and median income by age and sex,A,Annual,Y_GE18,18 years or over,T,Total,MED_E,Median equivalised net income,PPS,Purchasing power standard (PPS),MT,Malta,2009,,14160,,,,,
dataflow,ESTAT:ILC_DI03(1.0),Mean and median income by age and sex,A,Annual,Y_GE18,18 years or over,T,Total,MED_E,Median equivalised net income,PPS,Purchasing power standard (PPS),MT,Malta,2010,,13732,,,,,
dataflow,ESTAT:ILC_DI03(1.0),Mean and median income by age and sex,A,Annual,Y_GE18,18 years or over,T,Total,MED_E,Median equivalised net income,PPS,Purchasing power standard (PPS),MT,Malta,2011,,14452,,,,,
dataflow,ESTAT:ILC_DI03(1.0),Mean and median income by age and sex,A,Annual,Y_GE18,18 years or over,T,Total,MED_E,Median equivalised net income,PPS,Purchasing power standard (PPS),MT,Malta,2012,,15053,,,,,
dataflow,ESTAT:ILC_DI03(1.0),Mean and median income by age and sex,A,Annual,Y_GE18,18 years or over,T,Total,MED_E,Median equivalised net income,PPS,Purchasing power standard (PPS),MT,Malta,2013,,15624,,,,,
dataflow,ESTAT:ILC_DI03(1.0),Mean and median income by age and sex,A,Annual,Y_GE18,18 years or over,T,Total,MED_E,Median equivalised net income,PPS,Purchasing power standard (PPS),MT,Malta,2014,,15940,,,,,
dataflow,ESTAT:ILC_DI03(1.0),Mean and median income by age and sex,A,Annual,Y_GE18,18 years or over,T,Total,MED_E,Median equivalised net income,PPS,Purchasing power standard (PPS),MT,Malta,2015,,17127,,,,,
dataflow,ESTAT:ILC_DI03(1.0),Mean and median income by age and sex,A,Annual,Y_GE18,18 years or over,T,Total,MED_E,Median equivalised net income,PPS,Purchasing power standard (PPS),MT,Malta,2016,,17542,,,,,
dataflow,ESTAT:ILC_DI03(1.0),Mean and median income by age and sex,A,Annual,Y_GE18,18 years or over,T,Total,MED_E,Median equivalised net income,PPS,Purchasing power standard (PPS),MT,Malta,2017,,18054,,,,,
dataflow,ESTAT:ILC_DI03(1.0),Mean and median income by age and sex,A,Annual,Y_GE18,18 years or over,T,Total,MED_E,Median equivalised net income,PPS,Purchasing power standard (PPS),MT,Malta,2018,,18125,,,,,
dataflow,ESTAT:ILC_DI03(1.0),Mean and median income by age and sex,A,Annual,Y_GE18,18 years or over,T,Total,MED_E,Median equivalised net income,PPS,Purchasing power standard (PPS),MT,Malta,2019,,18790,,,,,
dataflow,ESTAT:ILC_DI03(1.0),Mean and median income by age and sex,A,Annual,Y_GE18,18 years or over,T,Total,MED_E,Median equivalised net income,PPS,Purchasing power standard (PPS),MT,Malta,2020,,18959,,,,,
dataflow,ESTAT:ILC_DI03(1.0),Mean and median income by age and sex,A,Annual,Y_GE18,18 years or over,T,Total,MED_E,Median equivalised net income,PPS,Purchasing power standard (PPS),NL,Netherlands,2009,,19675,,,,,
dataflow,ESTAT:ILC_DI03(1.0),Mean and median income by age and sex,A,Annual,Y_GE18,18 years or over,T,Total,MED_E,Median equivalised net income,PPS,Purchasing power standard (PPS),NL,Netherlands,2010,,19264,,,,,
dataflow,ESTAT:ILC_DI03(1.0),Mean and median income by age and sex,A,Annual,Y_GE18,18 years or over,T,Total,MED_E,Median equivalised net income,PPS,Purchasing power standard (PPS),NL,Netherlands,2011,,19313,,,,,
dataflow,ESTAT:ILC_DI03(1.0),Mean and median income by age and sex,A,Annual,Y_GE18,18 years or over,T,Total,MED_E,Median equivalised net income,PPS,Purchasing power standard (PPS),NL,Netherlands,2012,,19329,,,,,
dataflow,ESTAT:ILC_DI03(1.0),Mean and median income by age and sex,A,Annual,Y_GE18,18 years or over,T,Total,MED_E,Median equivalised net income,PPS,Purchasing power standard (PPS),NL,Netherlands,2013,,19535,,,,,
dataflow,ESTAT:ILC_DI03(1.0),Mean and median income by age and sex,A,Annual,Y_GE18,18 years or over,T,Total,MED_E,Median equivalised net income,PPS,Purchasing power standard (PPS),NL,Netherlands,2014,,19025,,,,,
dataflow,ESTAT:ILC_DI03(1.0),Mean and median income by age and sex,A,Annual,Y_GE18,18 years or over,T,Total,MED_E,Median equivalised net income,PPS,Purchasing power standard (PPS),NL,Netherlands,2015,,19543,,,,,
dataflow,ESTAT:ILC_DI03(1.0),Mean and median income by age and sex,A,Annual,Y_GE18,18 years or over,T,Total,MED_E,Median equivalised net income,PPS,Purchasing power standard (PPS),NL,Netherlands,2016,,21282,,b,break in time series,,
dataflow,ESTAT:ILC_DI03(1.0),Mean and median income by age and sex,A,Annual,Y_GE18,18 years or over,T,Total,MED_E,Median equivalised net income,PPS,Purchasing power standard (PPS),NL,Netherlands,2017,,21213,,,,,
dataflow,ESTAT:ILC_DI03(1.0),Mean and median income by age and sex,A,Annual,Y_GE18,18 years or over,T,Total,MED_E,Median equivalised net income,PPS,Purchasing power standard (PPS),NL,Netherlands,2018,,21473,,,,,
dataflow,ESTAT:ILC_DI03(1.0),Mean and median income by age and sex,A,Annual,Y_GE18,18 years or over,T,Total,MED_E,Median equivalised net income,PPS,Purchasing power standard (PPS),NL,Netherlands,2019,,21940,,,,,
dataflow,ESTAT:ILC_DI03(1.0),Mean and median income by age and sex,A,Annual,Y_GE18,18 years or over,T,Total,MED_E,Median equivalised net income,PPS,Purchasing power standard (PPS),NL,Netherlands,2020,,22201,,,,,
dataflow,ESTAT:ILC_DI03(1.0),Mean and median income by age and sex,A,Annual,Y_GE18,18 years or over,T,Total,MED_E,Median equivalised net income,PPS,Purchasing power standard (PPS),PL,Poland,2009,,7526,,,,,
dataflow,ESTAT:ILC_DI03(1.0),Mean and median income by age and sex,A,Annual,Y_GE18,18 years or over,T,Total,MED_E,Median equivalised net income,PPS,Purchasing power standard (PPS),PL,Poland,2010,,7729,,,,,
dataflow,ESTAT:ILC_DI03(1.0),Mean and median income by age and sex,A,Annual,Y_GE18,18 years or over,T,Total,MED_E,Median equivalised net income,PPS,Purchasing power standard (PPS),PL,Poland,2011,,8456,,,,,
dataflow,ESTAT:ILC_DI03(1.0),Mean and median income by age and sex,A,Annual,Y_GE18,18 years or over,T,Total,MED_E,Median equivalised net income,PPS,Purchasing power standard (PPS),PL,Poland,2012,,8839,,,,,
dataflow,ESTAT:ILC_DI03(1.0),Mean and median income by age and sex,A,Annual,Y_GE18,18 years or over,T,Total,MED_E,Median equivalised net income,PPS,Purchasing power standard (PPS),PL,Poland,2013,,9383,,,,,
dataflow,ESTAT:ILC_DI03(1.0),Mean and median income by age and sex,A,Annual,Y_GE18,18 years or over,T,Total,MED_E,Median equivalised net income,PPS,Purchasing power standard (PPS),PL,Poland,2014,,9733,,,,,
dataflow,ESTAT:ILC_DI03(1.0),Mean and median income by age and sex,A,Annual,Y_GE18,18 years or over,T,Total,MED_E,Median equivalised net income,PPS,Purchasing power standard (PPS),PL,Poland,2015,,10111,,,,,
dataflow,ESTAT:ILC_DI03(1.0),Mean and median income by age and sex,A,Annual,Y_GE18,18 years or over,T,Total,MED_E,Median equivalised net income,PPS,Purchasing power standard (PPS),PL,Poland,2016,,11010,,,,,
dataflow,ESTAT:ILC_DI03(1.0),Mean and median income by age and sex,A,Annual,Y_GE18,18 years or over,T,Total,MED_E,Median equivalised net income,PPS,Purchasing power standard (PPS),PL,Poland,2017,,11133,,,,,
dataflow,ESTAT:ILC_DI03(1.0),Mean and median income by age and sex,A,Annual,Y_GE18,18 years or over,T,Total,MED_E,Median equivalised net income,PPS,Purchasing power standard (PPS),PL,Poland,2018,,11555,,,,,
dataflow,ESTAT:ILC_DI03(1.0),Mean and median income by age and sex,A,Annual,Y_GE18,18 years or over,T,Total,MED_E,Median equivalised net income,PPS,Purchasing power standard (PPS),PL,Poland,2019,,12380,,,,,
dataflow,ESTAT:ILC_DI03(1.0),Mean and median income by age and sex,A,Annual,Y_GE18,18 years or over,T,Total,MED_E,Median equivalised net income,PPS,Purchasing power standard (PPS),PL,Poland,2020,,13314,,,,,
dataflow,ESTAT:ILC_DI03(1.0),Mean and median income by age and sex,A,Annual,Y_GE18,18 years or over,T,Total,MED_E,Median equivalised net income,PPS,Purchasing power standard (PPS),PT,Portugal,2009,,9627,,,,,
dataflow,ESTAT:ILC_DI03(1.0),Mean and median income by age and sex,A,Annual,Y_GE18,18 years or over,T,Total,MED_E,Median equivalised net income,PPS,Purchasing power standard (PPS),PT,Portugal,2010,,9956,,,,,
dataflow,ESTAT:ILC_DI03(1.0),Mean and median income by age and sex,A,Annual,Y_GE18,18 years or over,T,Total,MED_E,Median equivalised net income,PPS,Purchasing power standard (PPS),PT,Portugal,2011,,9850,,,,,
dataflow,ESTAT:ILC_DI03(1.0),Mean and median income by age and sex,A,Annual,Y_GE18,18 years or over,T,Total,MED_E,Median equivalised net income,PPS,Purchasing power standard (PPS),PT,Portugal,2012,,9966,,,,,
dataflow,ESTAT:ILC_DI03(1.0),Mean and median income by age and sex,A,Annual,Y_GE18,18 years or over,T,Total,MED_E,Median equivalised net income,PPS,Purchasing power standard (PPS),PT,Portugal,2013,,10051,,,,,
dataflow,ESTAT:ILC_DI03(1.0),Mean and median income by age and sex,A,Annual,Y_GE18,18 years or over,T,Total,MED_E,Median equivalised net income,PPS,Purchasing power standard (PPS),PT,Portugal,2014,,10293,,,,,
dataflow,ESTAT:ILC_DI03(1.0),Mean and median income by age and sex,A,Annual,Y_GE18,18 years or over,T,Total,MED_E,Median equivalised net income,PPS,Purchasing power standard (PPS),PT,Portugal,2015,,10405,,,,,
dataflow,ESTAT:ILC_DI03(1.0),Mean and median income by age and sex,A,Annual,Y_GE18,18 years or over,T,Total,MED_E,Median equivalised net income,PPS,Purchasing power standard (PPS),PT,Portugal,2016,,10901,,,,,
dataflow,ESTAT:ILC_DI03(1.0),Mean and median income by age and sex,A,Annual,Y_GE18,18 years or over,T,Total,MED_E,Median equivalised net income,PPS,Purchasing power standard (PPS),PT,Portugal,2017,,10920,,,,,
dataflow,ESTAT:ILC_DI03(1.0),Mean and median income by age and sex,A,Annual,Y_GE18,18 years or over,T,Total,MED_E,Median equivalised net income,PPS,Purchasing power standard (PPS),PT,Portugal,2018,,10877,,,,,
dataflow,ESTAT:ILC_DI03(1.0),Mean and median income by age and sex,A,Annual,Y_GE18,18 years or over,T,Total,MED_E,Median equivalised net income,PPS,Purchasing power standard (PPS),PT,Portugal,2019,,11744,,,,,
dataflow,ESTAT:ILC_DI03(1.0),Mean and median income by age and sex,A,Annual,Y_GE18,18 years or over,T,Total,MED_E,Median equivalised net income,PPS,Purchasing power standard (PPS),PT,Portugal,2020,,12440,,,,,
dataflow,ESTAT:ILC_DI03(1.0),Mean and median income by age and sex,A,Annual,Y_GE18,18 years or over,T,Total,MED_E,Median equivalised net income,PPS,Purchasing power standard (PPS),RO,Romania,2009,,3589,,,,,
dataflow,ESTAT:ILC_DI03(1.0),Mean and median income by age and sex,A,Annual,Y_GE18,18 years or over,T,Total,MED_E,Median equivalised net income,PPS,Purchasing power standard (PPS),RO,Romania,2010,,3668,,,,,
dataflow,ESTAT:ILC_DI03(1.0),Mean and median income by age and sex,A,Annual,Y_GE18,18 years or over,T,Total,MED_E,Median equivalised net income,PPS,Purchasing power standard (PPS),RO,Romania,2011,,3821,,,,,
dataflow,ESTAT:ILC_DI03(1.0),Mean and median income by age and sex,A,Annual,Y_GE18,18 years or over,T,Total,MED_E,Median equivalised net income,PPS,Purchasing power standard (PPS),RO,Romania,2012,,3882,,,,,
dataflow,ESTAT:ILC_DI03(1.0),Mean and median income by age and sex,A,Annual,Y_GE18,18 years or over,T,Total,MED_E,Median equivalised net income,PPS,Purchasing power standard (PPS),RO,Romania,2013,,4077,,,,,
dataflow,ESTAT:ILC_DI03(1.0),Mean and median income by age and sex,A,Annual,Y_GE18,18 years or over,T,Total,MED_E,Median equivalised net income,PPS,Purchasing power standard (PPS),RO,Romania,2014,,4204,,,,,
dataflow,ESTAT:ILC_DI03(1.0),Mean and median income by age and sex,A,Annual,Y_GE18,18 years or over,T,Total,MED_E,Median equivalised net income,PPS,Purchasing power standard (PPS),RO,Romania,2015,,4532,,,,,
dataflow,ESTAT:ILC_DI03(1.0),Mean and median income by age and sex,A,Annual,Y_GE18,18 years or over,T,Total,MED_E,Median equivalised net income,PPS,Purchasing power standard (PPS),RO,Romania,2016,,4886,,,,,
dataflow,ESTAT:ILC_DI03(1.0),Mean and median income by age and sex,A,Annual,Y_GE18,18 years or over,T,Total,MED_E,Median equivalised net income,PPS,Purchasing power standard (PPS),RO,Romania,2017,,5514,,,,,
dataflow,ESTAT:ILC_DI03(1.0),Mean and median income by age and sex,A,Annual,Y_GE18,18 years or over,T,Total,MED_E,Median equivalised net income,PPS,Purchasing power standard (PPS),RO,Romania,2018,,6507,,,,,
dataflow,ESTAT:ILC_DI03(1.0),Mean and median income by age and sex,A,Annual,Y_GE18,18 years or over,T,Total,MED_E,Median equivalised net income,PPS,Purchasing power standard (PPS),RO,Romania,2019,,7548,,,,,
dataflow,ESTAT:ILC_DI03(1.0),Mean and median income by age and sex,A,Annual,Y_GE18,18 years or over,T,Total,MED_E,Median equivalised net income,PPS,Purchasing power standard (PPS),RO,Romania,2020,,7953,,,,,
dataflow,ESTAT:ILC_DI03(1.0),Mean and median income by age and sex,A,Annual,Y_GE18,18 years or over,T,Total,MED_E,Median equivalised net income,PPS,Purchasing power standard (PPS),SE,Sweden,2009,,18401,,,,,
dataflow,ESTAT:ILC_DI03(1.0),Mean and median income by age and sex,A,Annual,Y_GE18,18 years or over,T,Total,MED_E,Median equivalised net income,PPS,Purchasing power standard (PPS),SE,Sweden,2010,,17812,,,,,
dataflow,ESTAT:ILC_DI03(1.0),Mean and median income by age and sex,A,Annual,Y_GE18,18 years or over,T,Total,MED_E,Median equivalised net income,PPS,Purchasing power standard (PPS),SE,Sweden,2011,,18240,,,,,
dataflow,ESTAT:ILC_DI03(1.0),Mean and median income by age and sex,A,Annual,Y_GE18,18 years or over,T,Total,MED_E,Median equivalised net income,PPS,Purchasing power standard (PPS),SE,Sweden,2012,,19186,,,,,
dataflow,ESTAT:ILC_DI03(1.0),Mean and median income by age and sex,A,Annual,Y_GE18,18 years or over,T,Total,MED_E,Median equivalised net income,PPS,Purchasing power standard (PPS),SE,Sweden,2013,,20233,,,,,
dataflow,ESTAT:ILC_DI03(1.0),Mean and median income by age and sex,A,Annual,Y_GE18,18 years or over,T,Total,MED_E,Median equivalised net income,PPS,Purchasing power standard (PPS),SE,Sweden,2014,,19855,,,,,
dataflow,ESTAT:ILC_DI03(1.0),Mean and median income by age and sex,A,Annual,Y_GE18,18 years or over,T,Total,MED_E,Median equivalised net income,PPS,Purchasing power standard (PPS),SE,Sweden,2015,,20316,,,,,
dataflow,ESTAT:ILC_DI03(1.0),Mean and median income by age and sex,A,Annual,Y_GE18,18 years or over,T,Total,MED_E,Median equivalised net income,PPS,Purchasing power standard (PPS),SE,Sweden,2016,,21201,,,,,
dataflow,ESTAT:ILC_DI03(1.0),Mean and median income by age and sex,A,Annual,Y_GE18,18 years or over,T,Total,MED_E,Median equivalised net income,PPS,Purchasing power standard (PPS),SE,Sweden,2017,,20607,,,,,
dataflow,ESTAT:ILC_DI03(1.0),Mean and median income by age and sex,A,Annual,Y_GE18,18 years or over,T,Total,MED_E,Median equivalised net income,PPS,Purchasing power standard (PPS),SE,Sweden,2018,,20805,,,,,
dataflow,ESTAT:ILC_DI03(1.0),Mean and median income by age and sex,A,Annual,Y_GE18,18 years or over,T,Total,MED_E,Median equivalised net income,PPS,Purchasing power standard (PPS),SE,Sweden,2019,,20855,,,,,
dataflow,ESTAT:ILC_DI03(1.0),Mean and median income by age and sex,A,Annual,Y_GE18,18 years or over,T,Total,MED_E,Median equivalised net income,PPS,Purchasing power standard (PPS),SE,Sweden,2020,,20447,,,,,
dataflow,ESTAT:ILC_DI03(1.0),Mean and median income by age and sex,A,Annual,Y_GE18,18 years or over,T,Total,MED_E,Median equivalised net income,PPS,Purchasing power standard (PPS),SI,Slovenia,2009,,14465,,,,,
dataflow,ESTAT:ILC_DI03(1.0),Mean and median income by age and sex,A,Annual,Y_GE18,18 years or over,T,Total,MED_E,Median equivalised net income,PPS,Purchasing power standard (PPS),SI,Slovenia,2010,,13412,,,,,
dataflow,ESTAT:ILC_DI03(1.0),Mean and median income by age and sex,A,Annual,Y_GE18,18 years or over,T,Total,MED_E,Median equivalised net income,PPS,Purchasing power standard (PPS),SI,Slovenia,2011,,14038,,,,,
dataflow,ESTAT:ILC_DI03(1.0),Mean and median income by age and sex,A,Annual,Y_GE18,18 years or over,T,Total,MED_E,Median equivalised net income,PPS,Purchasing power standard (PPS),SI,Slovenia,2012,,14301,,,,,
dataflow,ESTAT:ILC_DI03(1.0),Mean and median income by age and sex,A,Annual,Y_GE18,18 years or over,T,Total,MED_E,Median equivalised net income,PPS,Purchasing power standard (PPS),SI,Slovenia,2013,,14207,,,,,
dataflow,ESTAT:ILC_DI03(1.0),Mean and median income by age and sex,A,Annual,Y_GE18,18 years or over,T,Total,MED_E,Median equivalised net income,PPS,Purchasing power standard (PPS),SI,Slovenia,2014,,14361,,,,,
dataflow,ESTAT:ILC_DI03(1.0),Mean and median income by age and sex,A,Annual,Y_GE18,18 years or over,T,Total,MED_E,Median equivalised net income,PPS,Purchasing power standard (PPS),SI,Slovenia,2015,,15106,,,,,
dataflow,ESTAT:ILC_DI03(1.0),Mean and median income by age and sex,A,Annual,Y_GE18,18 years or over,T,Total,MED_E,Median equivalised net income,PPS,Purchasing power standard (PPS),SI,Slovenia,2016,,15248,,,,,
dataflow,ESTAT:ILC_DI03(1.0),Mean and median income by age and sex,A,Annual,Y_GE18,18 years or over,T,Total,MED_E,Median equivalised net income,PPS,Purchasing power standard (PPS),SI,Slovenia,2017,,15268,,,,,
dataflow,ESTAT:ILC_DI03(1.0),Mean and median income by age and sex,A,Annual,Y_GE18,18 years or over,T,Total,MED_E,Median equivalised net income,PPS,Purchasing power standard (PPS),SI,Slovenia,2018,,15769,,,,,
dataflow,ESTAT:ILC_DI03(1.0),Mean and median income by age and sex,A,Annual,Y_GE18,18 years or over,T,Total,MED_E,Median equivalised net income,PPS,Purchasing power standard (PPS),SI,Slovenia,2019,,16643,,,,,
dataflow,ESTAT:ILC_DI03(1.0),Mean and median income by age and sex,A,Annual,Y_GE18,18 years or over,T,Total,MED_E,Median equivalised net income,PPS,Purchasing power standard (PPS),SI,Slovenia,2020,,17084,,,,,
dataflow,ESTAT:ILC_DI03(1.0),Mean and median income by age and sex,A,Annual,Y_GE18,18 years or over,T,Total,MED_E,Median equivalised net income,PPS,Purchasing power standard (PPS),SK,Slovakia,2009,,7944,,,,,
dataflow,ESTAT:ILC_DI03(1.0),Mean and median income by age and sex,A,Annual,Y_GE18,18 years or over,T,Total,MED_E,Median equivalised net income,PPS,Purchasing power standard (PPS),SK,Slovakia,2010,,8507,,,,,
dataflow,ESTAT:ILC_DI03(1.0),Mean and median income by age and sex,A,Annual,Y_GE18,18 years or over,T,Total,MED_E,Median equivalised net income,PPS,Purchasing power standard (PPS),SK,Slovakia,2011,,9145,,,,,
dataflow,ESTAT:ILC_DI03(1.0),Mean and median income by age and sex,A,Annual,Y_GE18,18 years or over,T,Total,MED_E,Median equivalised net income,PPS,Purchasing power standard (PPS),SK,Slovakia,2012,,9979,,,,,
dataflow,ESTAT:ILC_DI03(1.0),Mean and median income by age and sex,A,Annual,Y_GE18,18 years or over,T,Total,MED_E,Median equivalised net income,PPS,Purchasing power standard (PPS),SK,Slovakia,2013,,9781,,,,,
dataflow,ESTAT:ILC_DI03(1.0),Mean and median income by age and sex,A,Annual,Y_GE18,18 years or over,T,Total,MED_E,Median equivalised net income,PPS,Purchasing power standard (PPS),SK,Slovakia,2014,,10027,,,,,
dataflow,ESTAT:ILC_DI03(1.0),Mean and median income by age and sex,A,Annual,Y_GE18,18 years or over,T,Total,MED_E,Median equivalised net income,PPS,Purchasing power standard (PPS),SK,Slovakia,2015,,10501,,,,,
dataflow,ESTAT:ILC_DI03(1.0),Mean and median income by age and sex,A,Annual,Y_GE18,18 years or over,T,Total,MED_E,Median equivalised net income,PPS,Purchasing power standard (PPS),SK,Slovakia,2016,,10788,,,,,
dataflow,ESTAT:ILC_DI03(1.0),Mean and median income by age and sex,A,Annual,Y_GE18,18 years or over,T,Total,MED_E,Median equivalised net income,PPS,Purchasing power standard (PPS),SK,Slovakia,2017,,9833,,,,,
dataflow,ESTAT:ILC_DI03(1.0),Mean and median income by age and sex,A,Annual,Y_GE18,18 years or over,T,Total,MED_E,Median equivalised net income,PPS,Purchasing power standard (PPS),SK,Slovakia,2018,,10185,,,,,
dataflow,ESTAT:ILC_DI03(1.0),Mean and median income by age and sex,A,Annual,Y_GE18,18 years or over,T,Total,MED_E,Median equivalised net income,PPS,Purchasing power standard (PPS),SK,Slovakia,2019,,10831,,,,,
dataflow,ESTAT:ILC_DI03(1.0),Mean and median income by age and sex,A,Annual,Y_GE18,18 years or over,T,Total,MED_E,Median equivalised net income,PPS,Purchasing power standard (PPS),SK,Slovakia,2020,,10361,,,,,
