STRUCTURE,STRUCTURE_ID,STRUCTURE_NAME,freq,Time frequency,wstatus,Labour force and employment status,sex,Sex,age,Age class,unit,Unit of measure,geo,Geopolitical entity (reporting),TIME_PERIOD,Time,OBS_VALUE,Observation value,OBS_FLAG,Observation status (Flag) V2 structure,CONF_STATUS,Confidentiality status (flag)
dataflow,ESTAT:TESEM100(1.0),Part-time employment rate,A,Annual,EMP_PT,Employed persons working part-time,T,Total,Y20-64,From 20 to 64 years,PC_EMP,Percentage of total employment,AT,Austria,2009,,25.2,,,,,
dataflow,ESTAT:TESEM100(1.0),Part-time employment rate,A,Annual,EMP_PT,Employed persons working part-time,T,Total,Y20-64,From 20 to 64 years,PC_EMP,Percentage of total employment,AT,Austria,2010,,25.7,,,,,
dataflow,ESTAT:TESEM100(1.0),Part-time employment rate,A,Annual,EMP_PT,Employed persons working part-time,T,Total,Y20-64,From 20 to 64 years,PC_EMP,Percentage of total employment,AT,Austria,2011,,25.8,,,,,
dataflow,ESTAT:TESEM100(1.0),Part-time employment rate,A,Annual,EMP_PT,Employed persons working part-time,T,Total,Y20-64,From 20 to 64 years,PC_EMP,Percentage of total employment,AT,Austria,2012,,26.5,,,,,
dataflow,ESTAT:TESEM100(1.0),Part-time employment rate,A,Annual,EMP_PT,Employed persons working part-time,T,Total,Y20-64,From 20 to 64 years,PC_EMP,Percentage of total employment,AT,Austria,2013,,27.4,,,,,
dataflow,ESTAT:TESEM100(1.0),Part-time employment rate,A,Annual,EMP_PT,Employed persons working part-time,T,Total,Y20-64,From 20 to 64 years,PC_EMP,Percentage of total employment,AT,Austria,2014,,28.3,,,,,
dataflow,ESTAT:TESEM100(1.0),Part-time employment rate,A,Annual,EMP_PT,Employed persons working part-time,T,Total,Y20-64,From 20 to 64 years,PC_EMP,Percentage of total employment,AT,Austria,2015,,28.7,,,,,
dataflow,ESTAT:TESEM100(1.0),Part-time employment rate,A,Annual,EMP_PT,Employed persons working part-time,T,Total,Y20-64,From 20 to 64 years,PC_EMP,Percentage of total employment,AT,Austria,2016,,29.2,,,,,
dataflow,ESTAT:TESEM100(1.0),Part-time employment rate,A,Annual,EMP_PT,Employed persons working part-time,T,Total,Y20-64,From 20 to 64 years,PC_EMP,Percentage of total employment,AT,Austria,2017,,29.2,,,,,
dataflow,ESTAT:TESEM100(1.0),Part-time employment rate,A,Annual,EMP_PT,Employed persons working part-time,T,Total,Y20-64,From 20 to 64 years,PC_EMP,Percentage of total employment,AT,Austria,2018,,28.6,,,,,
dataflow,ESTAT:TESEM100(1.0),Part-time employment rate,A,Annual,EMP_PT,Employed persons working part-time,T,Total,Y20-64,From 20 to 64 years,PC_EMP,Percentage of total employment,AT,Austria,2019,,28.4,,,,,
dataflow,ESTAT:TESEM100(1.0),Part-time employment rate,A,Annual,EMP_PT,Employed persons working part-time,T,Total,Y20-64,From 20 to 64 years,PC_EMP,Percentage of total employment,AT,Austria,2020,,28.4,,,,,
dataflow,ESTAT:TESEM100(1.0),Part-time employment rate,A,Annual,EMP_PT,Employed persons working part-time,T,Total,Y20-64,From 20 to 64 years,PC_EMP,Percentage of total employment,BE,Belgium,2009,,22.8,,,,,
dataflow,ESTAT:TESEM100(1.0),Part-time employment rate,A,Annual,EMP_PT,Employed persons working part-time,T,Total,Y20-64,From 20 to 64 years,PC_EMP,Percentage of total employment,BE,Belgium,2010,,23.3,,,,,
dataflow,ESTAT:TESEM100(1.0),Part-time employment rate,A,Annual,EMP_PT,Employed persons working part-time,T,Total,Y20-64,From 20 to 64 years,PC_EMP,Percentage of total employment,BE,Belgium,2011,,24.3,,,,,
dataflow,ESTAT:TESEM100(1.0),Part-time employment rate,A,Annual,EMP_PT,Employed persons working part-time,T,Total,Y20-64,From 20 to 64 years,PC_EMP,Percentage of total employment,BE,Belgium,2012,,24.3,,,,,
dataflow,ESTAT:TESEM100(1.0),Part-time employment rate,A,Annual,EMP_PT,Employed persons working part-time,T,Total,Y20-64,From 20 to 64 years,PC_EMP,Percentage of total employment,BE,Belgium,2013,,23.9,,,,,
dataflow,ESTAT:TESEM100(1.0),Part-time employment rate,A,Annual,EMP_PT,Employed persons working part-time,T,Total,Y20-64,From 20 to 64 years,PC_EMP,Percentage of total employment,BE,Belgium,2014,,23.3,,,,,
dataflow,ESTAT:TESEM100(1.0),Part-time employment rate,A,Annual,EMP_PT,Employed persons working part-time,T,Total,Y20-64,From 20 to 64 years,PC_EMP,Percentage of total employment,BE,Belgium,2015,,23.9,,,,,
dataflow,ESTAT:TESEM100(1.0),Part-time employment rate,A,Annual,EMP_PT,Employed persons working part-time,T,Total,Y20-64,From 20 to 64 years,PC_EMP,Percentage of total employment,BE,Belgium,2016,,24.3,,,,,
dataflow,ESTAT:TESEM100(1.0),Part-time employment rate,A,Annual,EMP_PT,Employed persons working part-time,T,Total,Y20-64,From 20 to 64 years,PC_EMP,Percentage of total employment,BE,Belgium,2017,,24.1,,b,break in time series,,
dataflow,ESTAT:TESEM100(1.0),Part-time employment rate,A,Annual,EMP_PT,Employed persons working part-time,T,Total,Y20-64,From 20 to 64 years,PC_EMP,Percentage of total employment,BE,Belgium,2018,,23.9,,,,,
dataflow,ESTAT:TESEM100(1.0),Part-time employment rate,A,Annual,EMP_PT,Employed persons working part-time,T,Total,Y20-64,From 20 to 64 years,PC_EMP,Percentage of total employment,BE,Belgium,2019,,24.1,,,,,
dataflow,ESTAT:TESEM100(1.0),Part-time employment rate,A,Annual,EMP_PT,Employed persons working part-time,T,Total,Y20-64,From 20 to 64 years,PC_EMP,Percentage of total employment,BE,Belgium,2020,,23.7,,,,,
dataflow,ESTAT:TESEM100(1.0),Part-time employment rate,A,Annual,EMP_PT,Employed persons working part-time,T,Total,Y20-64,From 20 to 64 years,PC_EMP,Percentage of total employment,BG,Bulgaria,2009,,2.1,,,,,
dataflow,ESTAT:TESEM100(1.0),Part-time employment rate,A,Annual,EMP_PT,Employed persons working part-time,T,Total,Y20-64,From 20 to 64 years,PC_EMP,Percentage of total employment,BG,Bulgaria,2010,,2.2,,b,break in time series,,
dataflow,ESTAT:TESEM100(1.0),Part-time employment rate,A,Annual,EMP_PT,Employed persons working part-time,T,Total,Y20-64,From 20 to 64 years,PC_EMP,Percentage of total employment,BG,Bulgaria,2011,,2.2,,b,break in time series,,
dataflow,ESTAT:TESEM100(1.0),Part-time employment rate,A,Annual,EMP_PT,Employed persons working part-time,T,Total,Y20-64,From 20 to 64 years,PC_EMP,Percentage of total employment,BG,Bulgaria,2012,,2.2,,,,,
dataflow,ESTAT:TESEM100(1.0),Part-time employment rate,A,Annual,EMP_PT,Employed persons working part-time,T,Total,Y20-64,From 20 to 64 years,PC_EMP,Percentage of total employment,BG,Bulgaria,2013,,2.5,,,,,
dataflow,ESTAT:TESEM100(1.0),Part-time employment rate,A,Annual,EMP_PT,Employed persons working part-time,T,Total,Y20-64,From 20 to 64 years,PC_EMP,Percentage of total employment,BG,Bulgaria,2014,,2.4,,,,,
dataflow,ESTAT:TESEM100(1.0),Part-time employment rate,A,Annual,EMP_PT,Employed persons working part-time,T,Total,Y20-64,From 20 to 64 years,PC_EMP,Percentage of total employment,BG,Bulgaria,2015,,2.2,,,,,
dataflow,ESTAT:TESEM100(1.0),Part-time employment rate,A,Annual,EMP_PT,Employed persons working part-time,T,Total,Y20-64,From 20 to 64 years,PC_EMP,Percentage of total employment,BG,Bulgaria,2016,,2.0,,,,,
dataflow,ESTAT:TESEM100(1.0),Part-time employment rate,A,Annual,EMP_PT,Employed persons working part-time,T,Total,Y20-64,From 20 to 64 years,PC_EMP,Percentage of total employment,BG,Bulgaria,2017,,2.1,,,,,
dataflow,ESTAT:TESEM100(1.0),Part-time employment rate,A,Annual,EMP_PT,Employed persons working part-time,T,Total,Y20-64,From 20 to 64 years,PC_EMP,Percentage of total employment,BG,Bulgaria,2018,,1.8,,,,,
dataflow,ESTAT:TESEM100(1.0),Part-time employment rate,A,Annual,EMP_PT,Employed persons working part-time,T,Total,Y20-64,From 20 to 64 years,PC_EMP,Percentage of total employment,BG,Bulgaria,2019,,1.8,,b,break in time series,,
dataflow,ESTAT:TESEM100(1.0),Part-time employment rate,A,Annual,EMP_PT,Employed persons working part-time,T,Total,Y20-64,From 20 to 64 years,PC_EMP,Percentage of total employment,BG,Bulgaria,2020,,1.8,,,,,
dataflow,ESTAT:TESEM100(1.0),Part-time employment rate,A,Annual,EMP_PT,Employed persons working part-time,T,Total,Y20-64,From 20 to 64 years,PC_EMP,Percentage of total employment,CY,Cyprus,2009,,7.3,,,,,
dataflow,ESTAT:TESEM100(1.0),Part-time employment rate,A,Annual,EMP_PT,Employed persons working part-time,T,Total,Y20-64,From 20 to 64 years,PC_EMP,Percentage of total employment,CY,Cyprus,2010,,8.1,,,,,
dataflow,ESTAT:TESEM100(1.0),Part-time employment rate,A,Annual,EMP_PT,Employed persons working part-time,T,Total,Y20-64,From 20 to 64 years,PC_EMP,Percentage of total employment,CY,Cyprus,2011,,8.7,,,,,
dataflow,ESTAT:TESEM100(1.0),Part-time employment rate,A,Annual,EMP_PT,Employed persons working part-time,T,Total,Y20-64,From 20 to 64 years,PC_EMP,Percentage of total employment,CY,Cyprus,2012,,9.4,,,,,
dataflow,ESTAT:TESEM100(1.0),Part-time employment rate,A,Annual,EMP_PT,Employed persons working part-time,T,Total,Y20-64,From 20 to 64 years,PC_EMP,Percentage of total employment,CY,Cyprus,2013,,11.7,,,,,
dataflow,ESTAT:TESEM100(1.0),Part-time employment rate,A,Annual,EMP_PT,Employed persons working part-time,T,Total,Y20-64,From 20 to 64 years,PC_EMP,Percentage of total employment,CY,Cyprus,2014,,13.3,,,,,
dataflow,ESTAT:TESEM100(1.0),Part-time employment rate,A,Annual,EMP_PT,Employed persons working part-time,T,Total,Y20-64,From 20 to 64 years,PC_EMP,Percentage of total employment,CY,Cyprus,2015,,12.9,,,,,
dataflow,ESTAT:TESEM100(1.0),Part-time employment rate,A,Annual,EMP_PT,Employed persons working part-time,T,Total,Y20-64,From 20 to 64 years,PC_EMP,Percentage of total employment,CY,Cyprus,2016,,13.3,,,,,
dataflow,ESTAT:TESEM100(1.0),Part-time employment rate,A,Annual,EMP_PT,Employed persons working part-time,T,Total,Y20-64,From 20 to 64 years,PC_EMP,Percentage of total employment,CY,Cyprus,2017,,12.1,,,,,
dataflow,ESTAT:TESEM100(1.0),Part-time employment rate,A,Annual,EMP_PT,Employed persons working part-time,T,Total,Y20-64,From 20 to 64 years,PC_EMP,Percentage of total employment,CY,Cyprus,2018,,10.6,,,,,
dataflow,ESTAT:TESEM100(1.0),Part-time employment rate,A,Annual,EMP_PT,Employed persons working part-time,T,Total,Y20-64,From 20 to 64 years,PC_EMP,Percentage of total employment,CY,Cyprus,2019,,10.0,,,,,
dataflow,ESTAT:TESEM100(1.0),Part-time employment rate,A,Annual,EMP_PT,Employed persons working part-time,T,Total,Y20-64,From 20 to 64 years,PC_EMP,Percentage of total employment,CY,Cyprus,2020,,9.8,,,,,
dataflow,ESTAT:TESEM100(1.0),Part-time employment rate,A,Annual,EMP_PT,Employed persons working part-time,T,Total,Y20-64,From 20 to 64 years,PC_EMP,Percentage of total employment,CZ,Czechia,2009,,4.7,,,,,
dataflow,ESTAT:TESEM100(1.0),Part-time employment rate,A,Annual,EMP_PT,Employed persons working part-time,T,Total,Y20-64,From 20 to 64 years,PC_EMP,Percentage of total employment,CZ,Czechia,2010,,5.1,,,,,
dataflow,ESTAT:TESEM100(1.0),Part-time employment rate,A,Annual,EMP_PT,Employed persons working part-time,T,Total,Y20-64,From 20 to 64 years,PC_EMP,Percentage of total employment,CZ,Czechia,2011,,4.6,,b,break in time series,,
dataflow,ESTAT:TESEM100(1.0),Part-time employment rate,A,Annual,EMP_PT,Employed persons working part-time,T,Total,Y20-64,From 20 to 64 years,PC_EMP,Percentage of total employment,CZ,Czechia,2012,,4.9,,,,,
dataflow,ESTAT:TESEM100(1.0),Part-time employment rate,A,Annual,EMP_PT,Employed persons working part-time,T,Total,Y20-64,From 20 to 64 years,PC_EMP,Percentage of total employment,CZ,Czechia,2013,,5.7,,,,,
dataflow,ESTAT:TESEM100(1.0),Part-time employment rate,A,Annual,EMP_PT,Employed persons working part-time,T,Total,Y20-64,From 20 to 64 years,PC_EMP,Percentage of total employment,CZ,Czechia,2014,,5.4,,,,,
dataflow,ESTAT:TESEM100(1.0),Part-time employment rate,A,Annual,EMP_PT,Employed persons working part-time,T,Total,Y20-64,From 20 to 64 years,PC_EMP,Percentage of total employment,CZ,Czechia,2015,,5.2,,,,,
dataflow,ESTAT:TESEM100(1.0),Part-time employment rate,A,Annual,EMP_PT,Employed persons working part-time,T,Total,Y20-64,From 20 to 64 years,PC_EMP,Percentage of total employment,CZ,Czechia,2016,,5.6,,,,,
dataflow,ESTAT:TESEM100(1.0),Part-time employment rate,A,Annual,EMP_PT,Employed persons working part-time,T,Total,Y20-64,From 20 to 64 years,PC_EMP,Percentage of total employment,CZ,Czechia,2017,,6.0,,,,,
dataflow,ESTAT:TESEM100(1.0),Part-time employment rate,A,Annual,EMP_PT,Employed persons working part-time,T,Total,Y20-64,From 20 to 64 years,PC_EMP,Percentage of total employment,CZ,Czechia,2018,,6.2,,,,,
dataflow,ESTAT:TESEM100(1.0),Part-time employment rate,A,Annual,EMP_PT,Employed persons working part-time,T,Total,Y20-64,From 20 to 64 years,PC_EMP,Percentage of total employment,CZ,Czechia,2019,,6.1,,,,,
dataflow,ESTAT:TESEM100(1.0),Part-time employment rate,A,Annual,EMP_PT,Employed persons working part-time,T,Total,Y20-64,From 20 to 64 years,PC_EMP,Percentage of total employment,CZ,Czechia,2020,,5.6,,,,,
dataflow,ESTAT:TESEM100(1.0),Part-time employment rate,A,Annual,EMP_PT,Employed persons working part-time,T,Total,Y20-64,From 20 to 64 years,PC_EMP,Percentage of total employment,DE,Germany,2009,,25.6,,,,,
dataflow,ESTAT:TESEM100(1.0),Part-time employment rate,A,Annual,EMP_PT,Employed persons working part-time,T,Total,Y20-64,From 20 to 64 years,PC_EMP,Percentage of total employment,DE,Germany,2010,,25.9,,b,break in time series,,
dataflow,ESTAT:TESEM100(1.0),Part-time employment rate,A,Annual,EMP_PT,Employed persons working part-time,T,Total,Y20-64,From 20 to 64 years,PC_EMP,Percentage of total employment,DE,Germany,2011,,26.1,,b,break in time series,,
dataflow,ESTAT:TESEM100(1.0),Part-time employment rate,A,Annual,EMP_PT,Employed persons working part-time,T,Total,Y20-64,From 20 to 64 years,PC_EMP,Percentage of total employment,DE,Germany,2012,,26.0,,,,,
dataflow,ESTAT:TESEM100(1.0),Part-time employment rate,A,Annual,EMP_PT,Employed persons working part-time,T,Total,Y20-64,From 20 to 64 years,PC_EMP,Percentage of total employment,DE,Germany,2013,,26.8,,,,,
dataflow,ESTAT:TESEM100(1.0),Part-time employment rate,A,Annual,EMP_PT,Employed persons working part-time,T,Total,Y20-64,From 20 to 64 years,PC_EMP,Percentage of total employment,DE,Germany,2014,,26.7,,,,,
dataflow,ESTAT:TESEM100(1.0),Part-time employment rate,A,Annual,EMP_PT,Employed persons working part-time,T,Total,Y20-64,From 20 to 64 years,PC_EMP,Percentage of total employment,DE,Germany,2015,,27.0,,,,,
dataflow,ESTAT:TESEM100(1.0),Part-time employment rate,A,Annual,EMP_PT,Employed persons working part-time,T,Total,Y20-64,From 20 to 64 years,PC_EMP,Percentage of total employment,DE,Germany,2016,,26.9,,,,,
dataflow,ESTAT:TESEM100(1.0),Part-time employment rate,A,Annual,EMP_PT,Employed persons working part-time,T,Total,Y20-64,From 20 to 64 years,PC_EMP,Percentage of total employment,DE,Germany,2017,,27.1,,,,,
dataflow,ESTAT:TESEM100(1.0),Part-time employment rate,A,Annual,EMP_PT,Employed persons working part-time,T,Total,Y20-64,From 20 to 64 years,PC_EMP,Percentage of total employment,DE,Germany,2018,,27.0,,,,,
dataflow,ESTAT:TESEM100(1.0),Part-time employment rate,A,Annual,EMP_PT,Employed persons working part-time,T,Total,Y20-64,From 20 to 64 years,PC_EMP,Percentage of total employment,DE,Germany,2019,,27.3,,,,,
dataflow,ESTAT:TESEM100(1.0),Part-time employment rate,A,Annual,EMP_PT,Employed persons working part-time,T,Total,Y20-64,From 20 to 64 years,PC_EMP,Percentage of total employment,DE,Germany,2020,,28.0,,b,break in time series,,
dataflow,ESTAT:TESEM100(1.0),Part-time employment rate,A,Annual,EMP_PT,Employed persons working part-time,T,Total,Y20-64,From 20 to 64 years,PC_EMP,Percentage of total employment,DK,Denmark,2009,,21.1,,,,,
dataflow,ESTAT:TESEM100(1.0),Part-time employment rate,A,Annual,EMP_PT,Employed persons working part-time,T,Total,Y20-64,From 20 to 64 years,PC_EMP,Percentage of total employment,DK,Denmark,2010,,21.2,,,,,
dataflow,ESTAT:TESEM100(1.0),Part-time employment rate,A,Annual,EMP_PT,Employed persons working part-time,T,Total,Y20-64,From 20 to 64 years,PC_EMP,Percentage of total employment,DK,Denmark,2011,,20.7,,,,,
dataflow,ESTAT:TESEM100(1.0),Part-time employment rate,A,Annual,EMP_PT,Employed persons working part-time,T,Total,Y20-64,From 20 to 64 years,PC_EMP,Percentage of total employment,DK,Denmark,2012,,20.5,,,,,
dataflow,ESTAT:TESEM100(1.0),Part-time employment rate,A,Annual,EMP_PT,Employed persons working part-time,T,Total,Y20-64,From 20 to 64 years,PC_EMP,Percentage of total employment,DK,Denmark,2013,,20.7,,,,,
dataflow,ESTAT:TESEM100(1.0),Part-time employment rate,A,Annual,EMP_PT,Employed persons working part-time,T,Total,Y20-64,From 20 to 64 years,PC_EMP,Percentage of total employment,DK,Denmark,2014,,20.6,,,,,
dataflow,ESTAT:TESEM100(1.0),Part-time employment rate,A,Annual,EMP_PT,Employed persons working part-time,T,Total,Y20-64,From 20 to 64 years,PC_EMP,Percentage of total employment,DK,Denmark,2015,,20.4,,,,,
dataflow,ESTAT:TESEM100(1.0),Part-time employment rate,A,Annual,EMP_PT,Employed persons working part-time,T,Total,Y20-64,From 20 to 64 years,PC_EMP,Percentage of total employment,DK,Denmark,2016,,21.6,,b,break in time series,,
dataflow,ESTAT:TESEM100(1.0),Part-time employment rate,A,Annual,EMP_PT,Employed persons working part-time,T,Total,Y20-64,From 20 to 64 years,PC_EMP,Percentage of total employment,DK,Denmark,2017,,21.3,,b,break in time series,,
dataflow,ESTAT:TESEM100(1.0),Part-time employment rate,A,Annual,EMP_PT,Employed persons working part-time,T,Total,Y20-64,From 20 to 64 years,PC_EMP,Percentage of total employment,DK,Denmark,2018,,20.7,,,,,
dataflow,ESTAT:TESEM100(1.0),Part-time employment rate,A,Annual,EMP_PT,Employed persons working part-time,T,Total,Y20-64,From 20 to 64 years,PC_EMP,Percentage of total employment,DK,Denmark,2019,,20.9,,,,,
dataflow,ESTAT:TESEM100(1.0),Part-time employment rate,A,Annual,EMP_PT,Employed persons working part-time,T,Total,Y20-64,From 20 to 64 years,PC_EMP,Percentage of total employment,DK,Denmark,2020,,20.2,,,,,
dataflow,ESTAT:TESEM100(1.0),Part-time employment rate,A,Annual,EMP_PT,Employed persons working part-time,T,Total,Y20-64,From 20 to 64 years,PC_EMP,Percentage of total employment,EE,Estonia,2009,,9.1,,,,,
dataflow,ESTAT:TESEM100(1.0),Part-time employment rate,A,Annual,EMP_PT,Employed persons working part-time,T,Total,Y20-64,From 20 to 64 years,PC_EMP,Percentage of total employment,EE,Estonia,2010,,9.5,,,,,
dataflow,ESTAT:TESEM100(1.0),Part-time employment rate,A,Annual,EMP_PT,Employed persons working part-time,T,Total,Y20-64,From 20 to 64 years,PC_EMP,Percentage of total employment,EE,Estonia,2011,,9.1,,,,,
dataflow,ESTAT:TESEM100(1.0),Part-time employment rate,A,Annual,EMP_PT,Employed persons working part-time,T,Total,Y20-64,From 20 to 64 years,PC_EMP,Percentage of total employment,EE,Estonia,2012,,8.9,,,,,
dataflow,ESTAT:TESEM100(1.0),Part-time employment rate,A,Annual,EMP_PT,Employed persons working part-time,T,Total,Y20-64,From 20 to 64 years,PC_EMP,Percentage of total employment,EE,Estonia,2013,,8.6,,,,,
dataflow,ESTAT:TESEM100(1.0),Part-time employment rate,A,Annual,EMP_PT,Employed persons working part-time,T,Total,Y20-64,From 20 to 64 years,PC_EMP,Percentage of total employment,EE,Estonia,2014,,8.1,,,,,
dataflow,ESTAT:TESEM100(1.0),Part-time employment rate,A,Annual,EMP_PT,Employed persons working part-time,T,Total,Y20-64,From 20 to 64 years,PC_EMP,Percentage of total employment,EE,Estonia,2015,,9.0,,,,,
dataflow,ESTAT:TESEM100(1.0),Part-time employment rate,A,Annual,EMP_PT,Employed persons working part-time,T,Total,Y20-64,From 20 to 64 years,PC_EMP,Percentage of total employment,EE,Estonia,2016,,9.3,,,,,
dataflow,ESTAT:TESEM100(1.0),Part-time employment rate,A,Annual,EMP_PT,Employed persons working part-time,T,Total,Y20-64,From 20 to 64 years,PC_EMP,Percentage of total employment,EE,Estonia,2017,,9.2,,,,,
dataflow,ESTAT:TESEM100(1.0),Part-time employment rate,A,Annual,EMP_PT,Employed persons working part-time,T,Total,Y20-64,From 20 to 64 years,PC_EMP,Percentage of total employment,EE,Estonia,2018,,10.4,,,,,
dataflow,ESTAT:TESEM100(1.0),Part-time employment rate,A,Annual,EMP_PT,Employed persons working part-time,T,Total,Y20-64,From 20 to 64 years,PC_EMP,Percentage of total employment,EE,Estonia,2019,,10.8,,,,,
dataflow,ESTAT:TESEM100(1.0),Part-time employment rate,A,Annual,EMP_PT,Employed persons working part-time,T,Total,Y20-64,From 20 to 64 years,PC_EMP,Percentage of total employment,EE,Estonia,2020,,11.7,,,,,
dataflow,ESTAT:TESEM100(1.0),Part-time employment rate,A,Annual,EMP_PT,Employed persons working part-time,T,Total,Y20-64,From 20 to 64 years,PC_EMP,Percentage of total employment,EL,Greece,2009,,5.9,,,,,
dataflow,ESTAT:TESEM100(1.0),Part-time employment rate,A,Annual,EMP_PT,Employed persons working part-time,T,Total,Y20-64,From 20 to 64 years,PC_EMP,Percentage of total employment,EL,Greece,2010,,6.3,,,,,
dataflow,ESTAT:TESEM100(1.0),Part-time employment rate,A,Annual,EMP_PT,Employed persons working part-time,T,Total,Y20-64,From 20 to 64 years,PC_EMP,Percentage of total employment,EL,Greece,2011,,6.7,,,,,
dataflow,ESTAT:TESEM100(1.0),Part-time employment rate,A,Annual,EMP_PT,Employed persons working part-time,T,Total,Y20-64,From 20 to 64 years,PC_EMP,Percentage of total employment,EL,Greece,2012,,7.8,,,,,
dataflow,ESTAT:TESEM100(1.0),Part-time employment rate,A,Annual,EMP_PT,Employed persons working part-time,T,Total,Y20-64,From 20 to 64 years,PC_EMP,Percentage of total employment,EL,Greece,2013,,8.5,,,,,
dataflow,ESTAT:TESEM100(1.0),Part-time employment rate,A,Annual,EMP_PT,Employed persons working part-time,T,Total,Y20-64,From 20 to 64 years,PC_EMP,Percentage of total employment,EL,Greece,2014,,9.4,,,,,
dataflow,ESTAT:TESEM100(1.0),Part-time employment rate,A,Annual,EMP_PT,Employed persons working part-time,T,Total,Y20-64,From 20 to 64 years,PC_EMP,Percentage of total employment,EL,Greece,2015,,9.6,,,,,
dataflow,ESTAT:TESEM100(1.0),Part-time employment rate,A,Annual,EMP_PT,Employed persons working part-time,T,Total,Y20-64,From 20 to 64 years,PC_EMP,Percentage of total employment,EL,Greece,2016,,10.0,,,,,
dataflow,ESTAT:TESEM100(1.0),Part-time employment rate,A,Annual,EMP_PT,Employed persons working part-time,T,Total,Y20-64,From 20 to 64 years,PC_EMP,Percentage of total employment,EL,Greece,2017,,9.9,,,,,
dataflow,ESTAT:TESEM100(1.0),Part-time employment rate,A,Annual,EMP_PT,Employed persons working part-time,T,Total,Y20-64,From 20 to 64 years,PC_EMP,Percentage of total employment,EL,Greece,2018,,9.2,,,,,
dataflow,ESTAT:TESEM100(1.0),Part-time employment rate,A,Annual,EMP_PT,Employed persons working part-time,T,Total,Y20-64,From 20 to 64 years,PC_EMP,Percentage of total employment,EL,Greece,2019,,9.2,,,,,
dataflow,ESTAT:TESEM100(1.0),Part-time employment rate,A,Annual,EMP_PT,Employed persons working part-time,T,Total,Y20-64,From 20 to 64 years,PC_EMP,Percentage of total employment,EL,Greece,2020,,8.7,,,,,
dataflow,ESTAT:TESEM100(1.0),Part-time employment rate,A,Annual,EMP_PT,Employed persons working part-time,T,Total,Y20-64,From 20 to 64 years,PC_EMP,Percentage of total employment,ES,Spain,2009,,12.1,,,,,
dataflow,ESTAT:TESEM100(1.0),Part-time employment rate,A,Annual,EMP_PT,Employed persons working part-time,T,Total,Y20-64,From 20 to 64 years,PC_EMP,Percentage of total employment,ES,Spain,2010,,12.7,,,,,
dataflow,ESTAT:TESEM100(1.0),Part-time employment rate,A,Annual,EMP_PT,Employed persons working part-time,T,Total,Y20-64,From 20 to 64 years,PC_EMP,Percentage of total employment,ES,Spain,2011,,13.2,,,,,
dataflow,ESTAT:TESEM100(1.0),Part-time employment rate,A,Annual,EMP_PT,Employed persons working part-time,T,Total,Y20-64,From 20 to 64 years,PC_EMP,Percentage of total employment,ES,Spain,2012,,14.2,,,,,
dataflow,ESTAT:TESEM100(1.0),Part-time employment rate,A,Annual,EMP_PT,Employed persons working part-time,T,Total,Y20-64,From 20 to 64 years,PC_EMP,Percentage of total employment,ES,Spain,2013,,15.5,,,,,
dataflow,ESTAT:TESEM100(1.0),Part-time employment rate,A,Annual,EMP_PT,Employed persons working part-time,T,Total,Y20-64,From 20 to 64 years,PC_EMP,Percentage of total employment,ES,Spain,2014,,15.6,,,,,
dataflow,ESTAT:TESEM100(1.0),Part-time employment rate,A,Annual,EMP_PT,Employed persons working part-time,T,Total,Y20-64,From 20 to 64 years,PC_EMP,Percentage of total employment,ES,Spain,2015,,15.5,,,,,
dataflow,ESTAT:TESEM100(1.0),Part-time employment rate,A,Annual,EMP_PT,Employed persons working part-time,T,Total,Y20-64,From 20 to 64 years,PC_EMP,Percentage of total employment,ES,Spain,2016,,14.9,,,,,
dataflow,ESTAT:TESEM100(1.0),Part-time employment rate,A,Annual,EMP_PT,Employed persons working part-time,T,Total,Y20-64,From 20 to 64 years,PC_EMP,Percentage of total employment,ES,Spain,2017,,14.6,,,,,
dataflow,ESTAT:TESEM100(1.0),Part-time employment rate,A,Annual,EMP_PT,Employed persons working part-time,T,Total,Y20-64,From 20 to 64 years,PC_EMP,Percentage of total employment,ES,Spain,2018,,14.2,,,,,
dataflow,ESTAT:TESEM100(1.0),Part-time employment rate,A,Annual,EMP_PT,Employed persons working part-time,T,Total,Y20-64,From 20 to 64 years,PC_EMP,Percentage of total employment,ES,Spain,2019,,14.2,,,,,
dataflow,ESTAT:TESEM100(1.0),Part-time employment rate,A,Annual,EMP_PT,Employed persons working part-time,T,Total,Y20-64,From 20 to 64 years,PC_EMP,Percentage of total employment,ES,Spain,2020,,13.6,,,,,
dataflow,ESTAT:TESEM100(1.0),Part-time employment rate,A,Annual,EMP_PT,Employed persons working part-time,T,Total,Y20-64,From 20 to 64 years,PC_EMP,Percentage of total employment,FI,Finland,2009,,12.4,,,,,
dataflow,ESTAT:TESEM100(1.0),Part-time employment rate,A,Annual,EMP_PT,Employed persons working part-time,T,Total,Y20-64,From 20 to 64 years,PC_EMP,Percentage of total employment,FI,Finland,2010,,13.1,,,,,
dataflow,ESTAT:TESEM100(1.0),Part-time employment rate,A,Annual,EMP_PT,Employed persons working part-time,T,Total,Y20-64,From 20 to 64 years,PC_EMP,Percentage of total employment,FI,Finland,2011,,13.3,,,,,
dataflow,ESTAT:TESEM100(1.0),Part-time employment rate,A,Annual,EMP_PT,Employed persons working part-time,T,Total,Y20-64,From 20 to 64 years,PC_EMP,Percentage of total employment,FI,Finland,2012,,13.3,,,,,
dataflow,ESTAT:TESEM100(1.0),Part-time employment rate,A,Annual,EMP_PT,Employed persons working part-time,T,Total,Y20-64,From 20 to 64 years,PC_EMP,Percentage of total employment,FI,Finland,2013,,13.1,,,,,
dataflow,ESTAT:TESEM100(1.0),Part-time employment rate,A,Annual,EMP_PT,Employed persons working part-time,T,Total,Y20-64,From 20 to 64 years,PC_EMP,Percentage of total employment,FI,Finland,2014,,13.3,,,,,
dataflow,ESTAT:TESEM100(1.0),Part-time employment rate,A,Annual,EMP_PT,Employed persons working part-time,T,Total,Y20-64,From 20 to 64 years,PC_EMP,Percentage of total employment,FI,Finland,2015,,13.3,,,,,
dataflow,ESTAT:TESEM100(1.0),Part-time employment rate,A,Annual,EMP_PT,Employed persons working part-time,T,Total,Y20-64,From 20 to 64 years,PC_EMP,Percentage of total employment,FI,Finland,2016,,14.1,,,,,
dataflow,ESTAT:TESEM100(1.0),Part-time employment rate,A,Annual,EMP_PT,Employed persons working part-time,T,Total,Y20-64,From 20 to 64 years,PC_EMP,Percentage of total employment,FI,Finland,2017,,14.1,,,,,
dataflow,ESTAT:TESEM100(1.0),Part-time employment rate,A,Annual,EMP_PT,Employed persons working part-time,T,Total,Y20-64,From 20 to 64 years,PC_EMP,Percentage of total employment,FI,Finland,2018,,14.3,,,,,
dataflow,ESTAT:TESEM100(1.0),Part-time employment rate,A,Annual,EMP_PT,Employed persons working part-time,T,Total,Y20-64,From 20 to 64 years,PC_EMP,Percentage of total employment,FI,Finland,2019,,14.5,,,,,
dataflow,ESTAT:TESEM100(1.0),Part-time employment rate,A,Annual,EMP_PT,Employed persons working part-time,T,Total,Y20-64,From 20 to 64 years,PC_EMP,Percentage of total employment,FI,Finland,2020,,13.9,,,,,
dataflow,ESTAT:TESEM100(1.0),Part-time employment rate,A,Annual,EMP_PT,Employed persons working part-time,T,Total,Y20-64,From 20 to 64 years,PC_EMP,Percentage of total employment,FR,France,2009,,17.8,,,,,
dataflow,ESTAT:TESEM100(1.0),Part-time employment rate,A,Annual,EMP_PT,Employed persons working part-time,T,Total,Y20-64,From 20 to 64 years,PC_EMP,Percentage of total employment,FR,France,2010,,18.2,,,,,
dataflow,ESTAT:TESEM100(1.0),Part-time employment rate,A,Annual,EMP_PT,Employed persons working part-time,T,Total,Y20-64,From 20 to 64 years,PC_EMP,Percentage of total employment,FR,France,2011,,18.3,,,,,
dataflow,ESTAT:TESEM100(1.0),Part-time employment rate,A,Annual,EMP_PT,Employed persons working part-time,T,Total,Y20-64,From 20 to 64 years,PC_EMP,Percentage of total employment,FR,France,2012,,18.3,,,,,
dataflow,ESTAT:TESEM100(1.0),Part-time employment rate,A,Annual,EMP_PT,Employed persons working part-time,T,Total,Y20-64,From 20 to 64 years,PC_EMP,Percentage of total employment,FR,France,2013,,18.7,,,,,
dataflow,ESTAT:TESEM100(1.0),Part-time employment rate,A,Annual,EMP_PT,Employed persons working part-time,T,Total,Y20-64,From 20 to 64 years,PC_EMP,Percentage of total employment,FR,France,2014,,19.1,,,,,
dataflow,ESTAT:TESEM100(1.0),Part-time employment rate,A,Annual,EMP_PT,Employed persons working part-time,T,Total,Y20-64,From 20 to 64 years,PC_EMP,Percentage of total employment,FR,France,2015,,18.9,,,,,
dataflow,ESTAT:TESEM100(1.0),Part-time employment rate,A,Annual,EMP_PT,Employed persons working part-time,T,Total,Y20-64,From 20 to 64 years,PC_EMP,Percentage of total employment,FR,France,2016,,18.8,,,,,
dataflow,ESTAT:TESEM100(1.0),Part-time employment rate,A,Annual,EMP_PT,Employed persons working part-time,T,Total,Y20-64,From 20 to 64 years,PC_EMP,Percentage of total employment,FR,France,2017,,18.7,,,,,
dataflow,ESTAT:TESEM100(1.0),Part-time employment rate,A,Annual,EMP_PT,Employed persons working part-time,T,Total,Y20-64,From 20 to 64 years,PC_EMP,Percentage of total employment,FR,France,2018,,18.5,,,,,
dataflow,ESTAT:TESEM100(1.0),Part-time employment rate,A,Annual,EMP_PT,Employed persons working part-time,T,Total,Y20-64,From 20 to 64 years,PC_EMP,Percentage of total employment,FR,France,2019,,18.0,,,,,
dataflow,ESTAT:TESEM100(1.0),Part-time employment rate,A,Annual,EMP_PT,Employed persons working part-time,T,Total,Y20-64,From 20 to 64 years,PC_EMP,Percentage of total employment,FR,France,2020,,17.5,,,,,
dataflow,ESTAT:TESEM100(1.0),Part-time employment rate,A,Annual,EMP_PT,Employed persons working part-time,T,Total,Y20-64,From 20 to 64 years,PC_EMP,Percentage of total employment,HU,Hungary,2009,,5.0,,,,,
dataflow,ESTAT:TESEM100(1.0),Part-time employment rate,A,Annual,EMP_PT,Employed persons working part-time,T,Total,Y20-64,From 20 to 64 years,PC_EMP,Percentage of total employment,HU,Hungary,2010,,5.3,,,,,
dataflow,ESTAT:TESEM100(1.0),Part-time employment rate,A,Annual,EMP_PT,Employed persons working part-time,T,Total,Y20-64,From 20 to 64 years,PC_EMP,Percentage of total employment,HU,Hungary,2011,,6.1,,,,,
dataflow,ESTAT:TESEM100(1.0),Part-time employment rate,A,Annual,EMP_PT,Employed persons working part-time,T,Total,Y20-64,From 20 to 64 years,PC_EMP,Percentage of total employment,HU,Hungary,2012,,6.4,,,,,
dataflow,ESTAT:TESEM100(1.0),Part-time employment rate,A,Annual,EMP_PT,Employed persons working part-time,T,Total,Y20-64,From 20 to 64 years,PC_EMP,Percentage of total employment,HU,Hungary,2013,,6.2,,,,,
dataflow,ESTAT:TESEM100(1.0),Part-time employment rate,A,Annual,EMP_PT,Employed persons working part-time,T,Total,Y20-64,From 20 to 64 years,PC_EMP,Percentage of total employment,HU,Hungary,2014,,5.8,,,,,
dataflow,ESTAT:TESEM100(1.0),Part-time employment rate,A,Annual,EMP_PT,Employed persons working part-time,T,Total,Y20-64,From 20 to 64 years,PC_EMP,Percentage of total employment,HU,Hungary,2015,,5.5,,,,,
dataflow,ESTAT:TESEM100(1.0),Part-time employment rate,A,Annual,EMP_PT,Employed persons working part-time,T,Total,Y20-64,From 20 to 64 years,PC_EMP,Percentage of total employment,HU,Hungary,2016,,4.6,,,,,
dataflow,ESTAT:TESEM100(1.0),Part-time employment rate,A,Annual,EMP_PT,Employed persons working part-time,T,Total,Y20-64,From 20 to 64 years,PC_EMP,Percentage of total employment,HU,Hungary,2017,,4.1,,,,,
dataflow,ESTAT:TESEM100(1.0),Part-time employment rate,A,Annual,EMP_PT,Employed persons working part-time,T,Total,Y20-64,From 20 to 64 years,PC_EMP,Percentage of total employment,HU,Hungary,2018,,4.0,,b,break in time series,,
dataflow,ESTAT:TESEM100(1.0),Part-time employment rate,A,Annual,EMP_PT,Employed persons working part-time,T,Total,Y20-64,From 20 to 64 years,PC_EMP,Percentage of total employment,HU,Hungary,2019,,4.2,,,,,
dataflow,ESTAT:TESEM100(1.0),Part-time employment rate,A,Annual,EMP_PT,Employed persons working part-time,T,Total,Y20-64,From 20 to 64 years,PC_EMP,Percentage of total employment,HU,Hungary,2020,,4.6,,,,,
dataflow,ESTAT:TESEM100(1.0),Part-time employment rate,A,Annual,EMP_PT,Employed persons working part-time,T,Total,Y20-64,From 20 to 64 years,PC_EMP,Percentage of total employment,IE,Ireland,2009,,19.7,,,,,
dataflow,ESTAT:TESEM100(1.0),Part-time employment rate,A,Annual,EMP_PT,Employed persons working part-time,T,Total,Y20-64,From 20 to 64 years,PC_EMP,Percentage of total employment,IE,Ireland,2010,,21.0,,,,,
dataflow,ESTAT:TESEM100(1.0),Part-time employment rate,A,Annual,EMP_PT,Employed persons working part-time,T,Total,Y20-64,From 20 to 64 years,PC_EMP,Percentage of total employment,IE,Ireland,2011,,22.0,,,,,
dataflow,ESTAT:TESEM100(1.0),Part-time employment rate,A,Annual,EMP_PT,Employed persons working part-time,T,Total,Y20-64,From 20 to 64 years,PC_EMP,Percentage of total employment,IE,Ireland,2012,,22.4,,,,,
dataflow,ESTAT:TESEM100(1.0),Part-time employment rate,A,Annual,EMP_PT,Employed persons working part-time,T,Total,Y20-64,From 20 to 64 years,PC_EMP,Percentage of total employment,IE,Ireland,2013,,22.4,,,,,
dataflow,ESTAT:TESEM100(1.0),Part-time employment rate,A,Annual,EMP_PT,Employed persons working part-time,T,Total,Y20-64,From 20 to 64 years,PC_EMP,Percentage of total employment,IE,Ireland,2014,,21.6,,,,,
dataflow,ESTAT:TESEM100(1.0),Part-time employment rate,A,Annual,EMP_PT,Employed persons working part-time,T,Total,Y20-64,From 20 to 64 years,PC_EMP,Percentage of total employment,IE,Ireland,2015,,20.8,,,,,
dataflow,ESTAT:TESEM100(1.0),Part-time employment rate,A,Annual,EMP_PT,Employed persons working part-time,T,Total,Y20-64,From 20 to 64 years,PC_EMP,Percentage of total employment,IE,Ireland,2016,,20.3,,,,,
dataflow,ESTAT:TESEM100(1.0),Part-time employment rate,A,Annual,EMP_PT,Employed persons working part-time,T,Total,Y20-64,From 20 to 64 years,PC_EMP,Percentage of total employment,IE,Ireland,2017,,18.6,,,,,
dataflow,ESTAT:TESEM100(1.0),Part-time employment rate,A,Annual,EMP_PT,Employed persons working part-time,T,Total,Y20-64,From 20 to 64 years,PC_EMP,Percentage of total employment,IE,Ireland,2018,,18.1,,,,,
dataflow,ESTAT:TESEM100(1.0),Part-time employment rate,A,Annual,EMP_PT,Employed persons working part-time,T,Total,Y20-64,From 20 to 64 years,PC_EMP,Percentage of total employment,IE,Ireland,2019,,18.1,,,,,
dataflow,ESTAT:TESEM100(1.0),Part-time employment rate,A,Annual,EMP_PT,Employed persons working part-time,T,Total,Y20-64,From 20 to 64 years,PC_EMP,Percentage of total employment,IE,Ireland,2020,,16.4,,,,,
dataflow,ESTAT:TESEM100(1.0),Part-time employment rate,A,Annual,EMP_PT,Employed persons working part-time,T,Total,Y20-64,From 20 to 64 years,PC_EMP,Percentage of total employment,IT,Italy,2009,,14.1,,,,,
dataflow,ESTAT:TESEM100(1.0),Part-time employment rate,A,Annual,EMP_PT,Employed persons working part-time,T,Total,Y20-64,From 20 to 64 years,PC_EMP,Percentage of total employment,IT,Italy,2010,,14.8,,,,,
dataflow,ESTAT:TESEM100(1.0),Part-time employment rate,A,Annual,EMP_PT,Employed persons working part-time,T,Total,Y20-64,From 20 to 64 years,PC_EMP,Percentage of total employment,IT,Italy,2011,,15.2,,,,,
dataflow,ESTAT:TESEM100(1.0),Part-time employment rate,A,Annual,EMP_PT,Employed persons working part-time,T,Total,Y20-64,From 20 to 64 years,PC_EMP,Percentage of total employment,IT,Italy,2012,,16.8,,,,,
dataflow,ESTAT:TESEM100(1.0),Part-time employment rate,A,Annual,EMP_PT,Employed persons working part-time,T,Total,Y20-64,From 20 to 64 years,PC_EMP,Percentage of total employment,IT,Italy,2013,,17.7,,,,,
dataflow,ESTAT:TESEM100(1.0),Part-time employment rate,A,Annual,EMP_PT,Employed persons working part-time,T,Total,Y20-64,From 20 to 64 years,PC_EMP,Percentage of total employment,IT,Italy,2014,,18.2,,,,,
dataflow,ESTAT:TESEM100(1.0),Part-time employment rate,A,Annual,EMP_PT,Employed persons working part-time,T,Total,Y20-64,From 20 to 64 years,PC_EMP,Percentage of total employment,IT,Italy,2015,,18.4,,,,,
dataflow,ESTAT:TESEM100(1.0),Part-time employment rate,A,Annual,EMP_PT,Employed persons working part-time,T,Total,Y20-64,From 20 to 64 years,PC_EMP,Percentage of total employment,IT,Italy,2016,,18.6,,,,,
dataflow,ESTAT:TESEM100(1.0),Part-time employment rate,A,Annual,EMP_PT,Employed persons working part-time,T,Total,Y20-64,From 20 to 64 years,PC_EMP,Percentage of total employment,IT,Italy,2017,,18.6,,,,,
dataflow,ESTAT:TESEM100(1.0),Part-time employment rate,A,Annual,EMP_PT,Employed persons working part-time,T,Total,Y20-64,From 20 to 64 years,PC_EMP,Percentage of total employment,IT,Italy,2018,,18.4,,b,break in time series,,
dataflow,ESTAT:TESEM100(1.0),Part-time employment rate,A,Annual,EMP_PT,Employed persons working part-time,T,Total,Y20-64,From 20 to 64 years,PC_EMP,Percentage of total employment,IT,Italy,2019,,18.8,,,,,
dataflow,ESTAT:TESEM100(1.0),Part-time employment rate,A,Annual,EMP_PT,Employed persons working part-time,T,Total,Y20-64,From 20 to 64 years,PC_EMP,Percentage of total employment,IT,Italy,2020,,18.2,,,,,
dataflow,ESTAT:TESEM100(1.0),Part-time employment rate,A,Annual,EMP_PT,Employed persons working part-time,T,Total,Y20-64,From 20 to 64 years,PC_EMP,Percentage of total employment,LT,Lithuania,2009,,7.8,,,,,
dataflow,ESTAT:TESEM100(1.0),Part-time employment rate,A,Annual,EMP_PT,Employed persons working part-time,T,Total,Y20-64,From 20 to 64 years,PC_EMP,Percentage of total employment,LT,Lithuania,2010,,7.7,,,,,
dataflow,ESTAT:TESEM100(1.0),Part-time employment rate,A,Annual,EMP_PT,Employed persons working part-time,T,Total,Y20-64,From 20 to 64 years,PC_EMP,Percentage of total employment,LT,Lithuania,2011,,8.3,,,,,
dataflow,ESTAT:TESEM100(1.0),Part-time employment rate,A,Annual,EMP_PT,Employed persons working part-time,T,Total,Y20-64,From 20 to 64 years,PC_EMP,Percentage of total employment,LT,Lithuania,2012,,8.8,,,,,
dataflow,ESTAT:TESEM100(1.0),Part-time employment rate,A,Annual,EMP_PT,Employed persons working part-time,T,Total,Y20-64,From 20 to 64 years,PC_EMP,Percentage of total employment,LT,Lithuania,2013,,8.2,,,,,
dataflow,ESTAT:TESEM100(1.0),Part-time employment rate,A,Annual,EMP_PT,Employed persons working part-time,T,Total,Y20-64,From 20 to 64 years,PC_EMP,Percentage of total employment,LT,Lithuania,2014,,8.5,,,,,
dataflow,ESTAT:TESEM100(1.0),Part-time employment rate,A,Annual,EMP_PT,Employed persons working part-time,T,Total,Y20-64,From 20 to 64 years,PC_EMP,Percentage of total employment,LT,Lithuania,2015,,7.6,,,,,
dataflow,ESTAT:TESEM100(1.0),Part-time employment rate,A,Annual,EMP_PT,Employed persons working part-time,T,Total,Y20-64,From 20 to 64 years,PC_EMP,Percentage of total employment,LT,Lithuania,2016,,7.1,,,,,
dataflow,ESTAT:TESEM100(1.0),Part-time employment rate,A,Annual,EMP_PT,Employed persons working part-time,T,Total,Y20-64,From 20 to 64 years,PC_EMP,Percentage of total employment,LT,Lithuania,2017,,7.4,,,,,
dataflow,ESTAT:TESEM100(1.0),Part-time employment rate,A,Annual,EMP_PT,Employed persons working part-time,T,Total,Y20-64,From 20 to 64 years,PC_EMP,Percentage of total employment,LT,Lithuania,2018,,6.9,,,,,
dataflow,ESTAT:TESEM100(1.0),Part-time employment rate,A,Annual,EMP_PT,Employed persons working part-time,T,Total,Y20-64,From 20 to 64 years,PC_EMP,Percentage of total employment,LT,Lithuania,2019,,6.2,,,,,
dataflow,ESTAT:TESEM100(1.0),Part-time employment rate,A,Annual,EMP_PT,Employed persons working part-time,T,Total,Y20-64,From 20 to 64 years,PC_EMP,Percentage of total employment,LT,Lithuania,2020,,6.0,,,,,
dataflow,ESTAT:TESEM100(1.0),Part-time employment rate,A,Annual,EMP_PT,Employed persons working part-time,T,Total,Y20-64,From 20 to 64 years,PC_EMP,Percentage of total employment,LU,Luxembourg,2009,,17.5,,,,,
dataflow,ESTAT:TESEM100(1.0),Part-time employment rate,A,Annual,EMP_PT,Employed persons working part-time,T,Total,Y20-64,From 20 to 64 years,PC_EMP,Percentage of total employment,LU,Luxembourg,2010,,17.3,,,,,
dataflow,ESTAT:TESEM100(1.0),Part-time employment rate,A,Annual,EMP_PT,Employed persons working part-time,T,Total,Y20-64,From 20 to 64 years,PC_EMP,Percentage of total employment,LU,Luxembourg,2011,,17.9,,,,,
dataflow,ESTAT:TESEM100(1.0),Part-time employment rate,A,Annual,EMP_PT,Employed persons working part-time,T,Total,Y20-64,From 20 to 64 years,PC_EMP,Percentage of total employment,LU,Luxembourg,2012,,18.3,,,,,
dataflow,ESTAT:TESEM100(1.0),Part-time employment rate,A,Annual,EMP_PT,Employed persons working part-time,T,Total,Y20-64,From 20 to 64 years,PC_EMP,Percentage of total employment,LU,Luxembourg,2013,,18.4,,,,,
dataflow,ESTAT:TESEM100(1.0),Part-time employment rate,A,Annual,EMP_PT,Employed persons working part-time,T,Total,Y20-64,From 20 to 64 years,PC_EMP,Percentage of total employment,LU,Luxembourg,2014,,18.2,,,,,
dataflow,ESTAT:TESEM100(1.0),Part-time employment rate,A,Annual,EMP_PT,Employed persons working part-time,T,Total,Y20-64,From 20 to 64 years,PC_EMP,Percentage of total employment,LU,Luxembourg,2015,,17.8,,b,break in time series,,
dataflow,ESTAT:TESEM100(1.0),Part-time employment rate,A,Annual,EMP_PT,Employed persons working part-time,T,Total,Y20-64,From 20 to 64 years,PC_EMP,Percentage of total employment,LU,Luxembourg,2016,,18.9,,,,,
dataflow,ESTAT:TESEM100(1.0),Part-time employment rate,A,Annual,EMP_PT,Employed persons working part-time,T,Total,Y20-64,From 20 to 64 years,PC_EMP,Percentage of total employment,LU,Luxembourg,2017,,19.4,,,,,
dataflow,ESTAT:TESEM100(1.0),Part-time employment rate,A,Annual,EMP_PT,Employed persons working part-time,T,Total,Y20-64,From 20 to 64 years,PC_EMP,Percentage of total employment,LU,Luxembourg,2018,,17.4,,,,,
dataflow,ESTAT:TESEM100(1.0),Part-time employment rate,A,Annual,EMP_PT,Employed persons working part-time,T,Total,Y20-64,From 20 to 64 years,PC_EMP,Percentage of total employment,LU,Luxembourg,2019,,16.5,,,,,
dataflow,ESTAT:TESEM100(1.0),Part-time employment rate,A,Annual,EMP_PT,Employed persons working part-time,T,Total,Y20-64,From 20 to 64 years,PC_EMP,Percentage of total employment,LU,Luxembourg,2020,,17.6,,,,,
dataflow,ESTAT:TESEM100(1.0),Part-time employment rate,A,Annual,EMP_PT,Employed persons working part-time,T,Total,Y20-64,From 20 to 64 years,PC_EMP,Percentage of total employment,LV,Latvia,2009,,6.7,,,,,
dataflow,ESTAT:TESEM100(1.0),Part-time employment rate,A,Annual,EMP_PT,Employed persons working part-time,T,Total,Y20-64,From 20 to 64 years,PC_EMP,Percentage of total employment,LV,Latvia,2010,,7.8,,,,,
dataflow,ESTAT:TESEM100(1.0),Part-time employment rate,A,Annual,EMP_PT,Employed persons working part-time,T,Total,Y20-64,From 20 to 64 years,PC_EMP,Percentage of total employment,LV,Latvia,2011,,7.3,,,,,
dataflow,ESTAT:TESEM100(1.0),Part-time employment rate,A,Annual,EMP_PT,Employed persons working part-time,T,Total,Y20-64,From 20 to 64 years,PC_EMP,Percentage of total employment,LV,Latvia,2012,,7.4,,,,,
dataflow,ESTAT:TESEM100(1.0),Part-time employment rate,A,Annual,EMP_PT,Employed persons working part-time,T,Total,Y20-64,From 20 to 64 years,PC_EMP,Percentage of total employment,LV,Latvia,2013,,6.2,,,,,
dataflow,ESTAT:TESEM100(1.0),Part-time employment rate,A,Annual,EMP_PT,Employed persons working part-time,T,Total,Y20-64,From 20 to 64 years,PC_EMP,Percentage of total employment,LV,Latvia,2014,,5.6,,,,,
dataflow,ESTAT:TESEM100(1.0),Part-time employment rate,A,Annual,EMP_PT,Employed persons working part-time,T,Total,Y20-64,From 20 to 64 years,PC_EMP,Percentage of total employment,LV,Latvia,2015,,6.0,,,,,
dataflow,ESTAT:TESEM100(1.0),Part-time employment rate,A,Annual,EMP_PT,Employed persons working part-time,T,Total,Y20-64,From 20 to 64 years,PC_EMP,Percentage of total employment,LV,Latvia,2016,,6.9,,,,,
dataflow,ESTAT:TESEM100(1.0),Part-time employment rate,A,Annual,EMP_PT,Employed persons working part-time,T,Total,Y20-64,From 20 to 64 years,PC_EMP,Percentage of total employment,LV,Latvia,2017,,6.3,,,,,
dataflow,ESTAT:TESEM100(1.0),Part-time employment rate,A,Annual,EMP_PT,Employed persons working part-time,T,Total,Y20-64,From 20 to 64 years,PC_EMP,Percentage of total employment,LV,Latvia,2018,,5.9,,,,,
dataflow,ESTAT:TESEM100(1.0),Part-time employment rate,A,Annual,EMP_PT,Employed persons working part-time,T,Total,Y20-64,From 20 to 64 years,PC_EMP,Percentage of total employment,LV,Latvia,2019,,6.8,,,,,
dataflow,ESTAT:TESEM100(1.0),Part-time employment rate,A,Annual,EMP_PT,Employed persons working part-time,T,Total,Y20-64,From 20 to 64 years,PC_EMP,Percentage of total employment,LV,Latvia,2020,,7.3,,,,,
dataflow,ESTAT:TESEM100(1.0),Part-time employment rate,A,Annual,EMP_PT,Employed persons working part-time,T,Total,Y20-64,From 20 to 64 years,PC_EMP,Percentage of total employment,MT,Malta,2009,,10.2,,,,,
dataflow,ESTAT:TESEM100(1.0),Part-time employment rate,A,Annual,EMP_PT,Employed persons working part-time,T,Total,Y20-64,From 20 to 64 years,PC_EMP,Percentage of total employment,MT,Malta,2010,,10.7,,,,,
dataflow,ESTAT:TESEM100(1.0),Part-time employment rate,A,Annual,EMP_PT,Employed persons working part-time,T,Total,Y20-64,From 20 to 64 years,PC_EMP,Percentage of total employment,MT,Malta,2011,,11.5,,,,,
dataflow,ESTAT:TESEM100(1.0),Part-time employment rate,A,Annual,EMP_PT,Employed persons working part-time,T,Total,Y20-64,From 20 to 64 years,PC_EMP,Percentage of total employment,MT,Malta,2012,,12.2,,,,,
dataflow,ESTAT:TESEM100(1.0),Part-time employment rate,A,Annual,EMP_PT,Employed persons working part-time,T,Total,Y20-64,From 20 to 64 years,PC_EMP,Percentage of total employment,MT,Malta,2013,,13.1,,,,,
dataflow,ESTAT:TESEM100(1.0),Part-time employment rate,A,Annual,EMP_PT,Employed persons working part-time,T,Total,Y20-64,From 20 to 64 years,PC_EMP,Percentage of total employment,MT,Malta,2014,,14.5,,,,,
dataflow,ESTAT:TESEM100(1.0),Part-time employment rate,A,Annual,EMP_PT,Employed persons working part-time,T,Total,Y20-64,From 20 to 64 years,PC_EMP,Percentage of total employment,MT,Malta,2015,,13.5,,,,,
dataflow,ESTAT:TESEM100(1.0),Part-time employment rate,A,Annual,EMP_PT,Employed persons working part-time,T,Total,Y20-64,From 20 to 64 years,PC_EMP,Percentage of total employment,MT,Malta,2016,,13.1,,,,,
dataflow,ESTAT:TESEM100(1.0),Part-time employment rate,A,Annual,EMP_PT,Employed persons working part-time,T,Total,Y20-64,From 20 to 64 years,PC_EMP,Percentage of total employment,MT,Malta,2017,,12.8,,,,,
dataflow,ESTAT:TESEM100(1.0),Part-time employment rate,A,Annual,EMP_PT,Employed persons working part-time,T,Total,Y20-64,From 20 to 64 years,PC_EMP,Percentage of total employment,MT,Malta,2018,,12.3,,,,,
dataflow,ESTAT:TESEM100(1.0),Part-time employment rate,A,Annual,EMP_PT,Employed persons working part-time,T,Total,Y20-64,From 20 to 64 years,PC_EMP,Percentage of total employment,MT,Malta,2019,,11.5,,,,,
dataflow,ESTAT:TESEM100(1.0),Part-time employment rate,A,Annual,EMP_PT,Employed persons working part-time,T,Total,Y20-64,From 20 to 64 years,PC_EMP,Percentage of total employment,MT,Malta,2020,,10.6,,,,,
dataflow,ESTAT:TESEM100(1.0),Part-time employment rate,A,Annual,EMP_PT,Employed persons working part-time,T,Total,Y20-64,From 20 to 64 years,PC_EMP,Percentage of total employment,NL,Netherlands,2009,,33.8,,,,,
dataflow,ESTAT:TESEM100(1.0),Part-time employment rate,A,Annual,EMP_PT,Employed persons working part-time,T,Total,Y20-64,From 20 to 64 years,PC_EMP,Percentage of total employment,NL,Netherlands,2010,,34.9,,,,,
dataflow,ESTAT:TESEM100(1.0),Part-time employment rate,A,Annual,EMP_PT,Employed persons working part-time,T,Total,Y20-64,From 20 to 64 years,PC_EMP,Percentage of total employment,NL,Netherlands,2011,,35.2,,,,,
dataflow,ESTAT:TESEM100(1.0),Part-time employment rate,A,Annual,EMP_PT,Employed persons working part-time,T,Total,Y20-64,From 20 to 64 years,PC_EMP,Percentage of total employment,NL,Netherlands,2012,,35.9,,,,,
dataflow,ESTAT:TESEM100(1.0),Part-time employment rate,A,Annual,EMP_PT,Employed persons working part-time,T,Total,Y20-64,From 20 to 64 years,PC_EMP,Percentage of total employment,NL,Netherlands,2013,,36.6,,,,,
dataflow,ESTAT:TESEM100(1.0),Part-time employment rate,A,Annual,EMP_PT,Employed persons working part-time,T,Total,Y20-64,From 20 to 64 years,PC_EMP,Percentage of total employment,NL,Netherlands,2014,,36.3,,,,,
dataflow,ESTAT:TESEM100(1.0),Part-time employment rate,A,Annual,EMP_PT,Employed persons working part-time,T,Total,Y20-64,From 20 to 64 years,PC_EMP,Percentage of total employment,NL,Netherlands,2015,,36.6,,,,,
dataflow,ESTAT:TESEM100(1.0),Part-time employment rate,A,Annual,EMP_PT,Employed persons working part-time,T,Total,Y20-64,From 20 to 64 years,PC_EMP,Percentage of total employment,NL,Netherlands,2016,,36.4,,,,,
dataflow,ESTAT:TESEM100(1.0),Part-time employment rate,A,Annual,EMP_PT,Employed persons working part-time,T,Total,Y20-64,From 20 to 64 years,PC_EMP,Percentage of total employment,NL,Netherlands,2017,,36.6,,,,,
dataflow,ESTAT:TESEM100(1.0),Part-time employment rate,A,Annual,EMP_PT,Employed persons working part-time,T,Total,Y20-64,From 20 to 64 years,PC_EMP,Percentage of total employment,NL,Netherlands,2018,,36.9,,,,,
dataflow,ESTAT:TESEM100(1.0),Part-time employment rate,A,Annual,EMP_PT,Employed persons working part-time,T,Total,Y20-64,From 20 to 64 years,PC_EMP,Percentage of total employment,NL,Netherlands,2019,,37.2,,,,,
dataflow,ESTAT:TESEM100(1.0),Part-time employment rate,A,Annual,EMP_PT,Employed persons working part-time,T,Total,Y20-64,From 20 to 64 years,PC_EMP,Percentage of total employment,NL,Netherlands,2020,,38.0,,,,,
dataflow,ESTAT:TESEM100(1.0),Part-time employment rate,A,Annual,EMP_PT,Employed persons working part-time,T,Total,Y20-64,From 20 to 64 years,PC_EMP,Percentage of total employment,PL,Poland,2009,,7.3,,,,,
dataflow,ESTAT:TESEM100(1.0),Part-time employment rate,A,Annual,EMP_PT,Employed persons working part-time,T,Total,Y20-64,From 20 to 64 years,PC_EMP,Percentage of total employment,PL,Poland,2010,,7.3,,b,break in time series,,
dataflow,ESTAT:TESEM100(1.0),Part-time employment rate,A,Annual,EMP_PT,Employed persons working part-time,T,Total,Y20-64,From 20 to 64 years,PC_EMP,Percentage of total employment,PL,Poland,2011,,7.0,,,,,
dataflow,ESTAT:TESEM100(1.0),Part-time employment rate,A,Annual,EMP_PT,Employed persons working part-time,T,Total,Y20-64,From 20 to 64 years,PC_EMP,Percentage of total employment,PL,Poland,2012,,6.9,,,,,
dataflow,ESTAT:TESEM100(1.0),Part-time employment rate,A,Annual,EMP_PT,Employed persons working part-time,T,Total,Y20-64,From 20 to 64 years,PC_EMP,Percentage of total employment,PL,Poland,2013,,6.9,,,,,
dataflow,ESTAT:TESEM100(1.0),Part-time employment rate,A,Annual,EMP_PT,Employed persons working part-time,T,Total,Y20-64,From 20 to 64 years,PC_EMP,Percentage of total employment,PL,Poland,2014,,6.8,,,,,
dataflow,ESTAT:TESEM100(1.0),Part-time employment rate,A,Annual,EMP_PT,Employed persons working part-time,T,Total,Y20-64,From 20 to 64 years,PC_EMP,Percentage of total employment,PL,Poland,2015,,6.6,,,,,
dataflow,ESTAT:TESEM100(1.0),Part-time employment rate,A,Annual,EMP_PT,Employed persons working part-time,T,Total,Y20-64,From 20 to 64 years,PC_EMP,Percentage of total employment,PL,Poland,2016,,6.2,,,,,
dataflow,ESTAT:TESEM100(1.0),Part-time employment rate,A,Annual,EMP_PT,Employed persons working part-time,T,Total,Y20-64,From 20 to 64 years,PC_EMP,Percentage of total employment,PL,Poland,2017,,6.3,,,,,
dataflow,ESTAT:TESEM100(1.0),Part-time employment rate,A,Annual,EMP_PT,Employed persons working part-time,T,Total,Y20-64,From 20 to 64 years,PC_EMP,Percentage of total employment,PL,Poland,2018,,6.2,,,,,
dataflow,ESTAT:TESEM100(1.0),Part-time employment rate,A,Annual,EMP_PT,Employed persons working part-time,T,Total,Y20-64,From 20 to 64 years,PC_EMP,Percentage of total employment,PL,Poland,2019,,6.0,,b,break in time series,,
dataflow,ESTAT:TESEM100(1.0),Part-time employment rate,A,Annual,EMP_PT,Employed persons working part-time,T,Total,Y20-64,From 20 to 64 years,PC_EMP,Percentage of total employment,PL,Poland,2020,,5.8,,,,,
dataflow,ESTAT:TESEM100(1.0),Part-time employment rate,A,Annual,EMP_PT,Employed persons working part-time,T,Total,Y20-64,From 20 to 64 years,PC_EMP,Percentage of total employment,PT,Portugal,2009,,8.3,,,,,
dataflow,ESTAT:TESEM100(1.0),Part-time employment rate,A,Annual,EMP_PT,Employed persons working part-time,T,Total,Y20-64,From 20 to 64 years,PC_EMP,Percentage of total employment,PT,Portugal,2010,,8.2,,,,,
dataflow,ESTAT:TESEM100(1.0),Part-time employment rate,A,Annual,EMP_PT,Employed persons working part-time,T,Total,Y20-64,From 20 to 64 years,PC_EMP,Percentage of total employment,PT,Portugal,2011,,8.2,,,,,
dataflow,ESTAT:TESEM100(1.0),Part-time employment rate,A,Annual,EMP_PT,Employed persons working part-time,T,Total,Y20-64,From 20 to 64 years,PC_EMP,Percentage of total employment,PT,Portugal,2012,,9.0,,,,,
dataflow,ESTAT:TESEM100(1.0),Part-time employment rate,A,Annual,EMP_PT,Employed persons working part-time,T,Total,Y20-64,From 20 to 64 years,PC_EMP,Percentage of total employment,PT,Portugal,2013,,9.2,,,,,
dataflow,ESTAT:TESEM100(1.0),Part-time employment rate,A,Annual,EMP_PT,Employed persons working part-time,T,Total,Y20-64,From 20 to 64 years,PC_EMP,Percentage of total employment,PT,Portugal,2014,,8.5,,,,,
dataflow,ESTAT:TESEM100(1.0),Part-time employment rate,A,Annual,EMP_PT,Employed persons working part-time,T,Total,Y20-64,From 20 to 64 years,PC_EMP,Percentage of total employment,PT,Portugal,2015,,8.6,,,,,
dataflow,ESTAT:TESEM100(1.0),Part-time employment rate,A,Annual,EMP_PT,Employed persons working part-time,T,Total,Y20-64,From 20 to 64 years,PC_EMP,Percentage of total employment,PT,Portugal,2016,,8.3,,,,,
dataflow,ESTAT:TESEM100(1.0),Part-time employment rate,A,Annual,EMP_PT,Employed persons working part-time,T,Total,Y20-64,From 20 to 64 years,PC_EMP,Percentage of total employment,PT,Portugal,2017,,7.9,,,,,
dataflow,ESTAT:TESEM100(1.0),Part-time employment rate,A,Annual,EMP_PT,Employed persons working part-time,T,Total,Y20-64,From 20 to 64 years,PC_EMP,Percentage of total employment,PT,Portugal,2018,,7.3,,,,,
dataflow,ESTAT:TESEM100(1.0),Part-time employment rate,A,Annual,EMP_PT,Employed persons working part-time,T,Total,Y20-64,From 20 to 64 years,PC_EMP,Percentage of total employment,PT,Portugal,2019,,7.4,,,,,
dataflow,ESTAT:TESEM100(1.0),Part-time employment rate,A,Annual,EMP_PT,Employed persons working part-time,T,Total,Y20-64,From 20 to 64 years,PC_EMP,Percentage of total employment,PT,Portugal,2020,,7.0,,,,,
dataflow,ESTAT:TESEM100(1.0),Part-time employment rate,A,Annual,EMP_PT,Employed persons working part-time,T,Total,Y20-64,From 20 to 64 years,PC_EMP,Percentage of total employment,RO,Romania,2009,,5.5,,,,,
dataflow,ESTAT:TESEM100(1.0),Part-time employment rate,A,Annual,EMP_PT,Employed persons working part-time,T,Total,Y20-64,From 20 to 64 years,PC_EMP,Percentage of total employment,RO,Romania,2010,,6.2,,,,,
dataflow,ESTAT:TESEM100(1.0),Part-time employment rate,A,Annual,EMP_PT,Employed persons working part-time,T,Total,Y20-64,From 20 to 64 years,PC_EMP,Percentage of total employment,RO,Romania,2011,,6.0,,,,,
dataflow,ESTAT:TESEM100(1.0),Part-time employment rate,A,Annual,EMP_PT,Employed persons working part-time,T,Total,Y20-64,From 20 to 64 years,PC_EMP,Percentage of total employment,RO,Romania,2012,,5.8,,,,,
dataflow,ESTAT:TESEM100(1.0),Part-time employment rate,A,Annual,EMP_PT,Employed persons working part-time,T,Total,Y20-64,From 20 to 64 years,PC_EMP,Percentage of total employment,RO,Romania,2013,,5.7,,,,,
dataflow,ESTAT:TESEM100(1.0),Part-time employment rate,A,Annual,EMP_PT,Employed persons working part-time,T,Total,Y20-64,From 20 to 64 years,PC_EMP,Percentage of total employment,RO,Romania,2014,,5.6,,,,,
dataflow,ESTAT:TESEM100(1.0),Part-time employment rate,A,Annual,EMP_PT,Employed persons working part-time,T,Total,Y20-64,From 20 to 64 years,PC_EMP,Percentage of total employment,RO,Romania,2015,,5.5,,,,,
dataflow,ESTAT:TESEM100(1.0),Part-time employment rate,A,Annual,EMP_PT,Employed persons working part-time,T,Total,Y20-64,From 20 to 64 years,PC_EMP,Percentage of total employment,RO,Romania,2016,,4.7,,,,,
dataflow,ESTAT:TESEM100(1.0),Part-time employment rate,A,Annual,EMP_PT,Employed persons working part-time,T,Total,Y20-64,From 20 to 64 years,PC_EMP,Percentage of total employment,RO,Romania,2017,,4.2,,,,,
dataflow,ESTAT:TESEM100(1.0),Part-time employment rate,A,Annual,EMP_PT,Employed persons working part-time,T,Total,Y20-64,From 20 to 64 years,PC_EMP,Percentage of total employment,RO,Romania,2018,,3.9,,,,,
dataflow,ESTAT:TESEM100(1.0),Part-time employment rate,A,Annual,EMP_PT,Employed persons working part-time,T,Total,Y20-64,From 20 to 64 years,PC_EMP,Percentage of total employment,RO,Romania,2019,,3.6,,,,,
dataflow,ESTAT:TESEM100(1.0),Part-time employment rate,A,Annual,EMP_PT,Employed persons working part-time,T,Total,Y20-64,From 20 to 64 years,PC_EMP,Percentage of total employment,RO,Romania,2020,,3.6,,,,,
dataflow,ESTAT:TESEM100(1.0),Part-time employment rate,A,Annual,EMP_PT,Employed persons working part-time,T,Total,Y20-64,From 20 to 64 years,PC_EMP,Percentage of total employment,SE,Sweden,2009,,24.3,,,,,
dataflow,ESTAT:TESEM100(1.0),Part-time employment rate,A,Annual,EMP_PT,Employed persons working part-time,T,Total,Y20-64,From 20 to 64 years,PC_EMP,Percentage of total employment,SE,Sweden,2010,,24.2,,,,,
dataflow,ESTAT:TESEM100(1.0),Part-time employment rate,A,Annual,EMP_PT,Employed persons working part-time,T,Total,Y20-64,From 20 to 64 years,PC_EMP,Percentage of total employment,SE,Sweden,2011,,23.8,,,,,
dataflow,ESTAT:TESEM100(1.0),Part-time employment rate,A,Annual,EMP_PT,Employed persons working part-time,T,Total,Y20-64,From 20 to 64 years,PC_EMP,Percentage of total employment,SE,Sweden,2012,,23.6,,,,,
dataflow,ESTAT:TESEM100(1.0),Part-time employment rate,A,Annual,EMP_PT,Employed persons working part-time,T,Total,Y20-64,From 20 to 64 years,PC_EMP,Percentage of total employment,SE,Sweden,2013,,23.2,,,,,
dataflow,ESTAT:TESEM100(1.0),Part-time employment rate,A,Annual,EMP_PT,Employed persons working part-time,T,Total,Y20-64,From 20 to 64 years,PC_EMP,Percentage of total employment,SE,Sweden,2014,,23.1,,,,,
dataflow,ESTAT:TESEM100(1.0),Part-time employment rate,A,Annual,EMP_PT,Employed persons working part-time,T,Total,Y20-64,From 20 to 64 years,PC_EMP,Percentage of total employment,SE,Sweden,2015,,22.9,,,,,
dataflow,ESTAT:TESEM100(1.0),Part-time employment rate,A,Annual,EMP_PT,Employed persons working part-time,T,Total,Y20-64,From 20 to 64 years,PC_EMP,Percentage of total employment,SE,Sweden,2016,,22.3,,,,,
dataflow,ESTAT:TESEM100(1.0),Part-time employment rate,A,Annual,EMP_PT,Employed persons working part-time,T,Total,Y20-64,From 20 to 64 years,PC_EMP,Percentage of total employment,SE,Sweden,2017,,21.6,,,,,
dataflow,ESTAT:TESEM100(1.0),Part-time employment rate,A,Annual,EMP_PT,Employed persons working part-time,T,Total,Y20-64,From 20 to 64 years,PC_EMP,Percentage of total employment,SE,Sweden,2018,,20.9,,,,,
dataflow,ESTAT:TESEM100(1.0),Part-time employment rate,A,Annual,EMP_PT,Employed persons working part-time,T,Total,Y20-64,From 20 to 64 years,PC_EMP,Percentage of total employment,SE,Sweden,2019,,20.6,,,,,
dataflow,ESTAT:TESEM100(1.0),Part-time employment rate,A,Annual,EMP_PT,Employed persons working part-time,T,Total,Y20-64,From 20 to 64 years,PC_EMP,Percentage of total employment,SE,Sweden,2020,,20.8,,,,,
dataflow,ESTAT:TESEM100(1.0),Part-time employment rate,A,Annual,EMP_PT,Employed persons working part-time,T,Total,Y20-64,From 20 to 64 years,PC_EMP,Percentage of total employment,SI,Slovenia,2009,,9.4,,,,,
dataflow,ESTAT:TESEM100(1.0),Part-time employment rate,A,Annual,EMP_PT,Employed persons working part-time,T,Total,Y20-64,From 20 to 64 years,PC_EMP,Percentage of total employment,SI,Slovenia,2010,,10.0,,,,,
dataflow,ESTAT:TESEM100(1.0),Part-time employment rate,A,Annual,EMP_PT,Employed persons working part-time,T,Total,Y20-64,From 20 to 64 years,PC_EMP,Percentage of total employment,SI,Slovenia,2011,,9.3,,,,,
dataflow,ESTAT:TESEM100(1.0),Part-time employment rate,A,Annual,EMP_PT,Employed persons working part-time,T,Total,Y20-64,From 20 to 64 years,PC_EMP,Percentage of total employment,SI,Slovenia,2012,,9.3,,,,,
dataflow,ESTAT:TESEM100(1.0),Part-time employment rate,A,Annual,EMP_PT,Employed persons working part-time,T,Total,Y20-64,From 20 to 64 years,PC_EMP,Percentage of total employment,SI,Slovenia,2013,,9.3,,,,,
dataflow,ESTAT:TESEM100(1.0),Part-time employment rate,A,Annual,EMP_PT,Employed persons working part-time,T,Total,Y20-64,From 20 to 64 years,PC_EMP,Percentage of total employment,SI,Slovenia,2014,,10.0,,,,,
dataflow,ESTAT:TESEM100(1.0),Part-time employment rate,A,Annual,EMP_PT,Employed persons working part-time,T,Total,Y20-64,From 20 to 64 years,PC_EMP,Percentage of total employment,SI,Slovenia,2015,,10.1,,,,,
dataflow,ESTAT:TESEM100(1.0),Part-time employment rate,A,Annual,EMP_PT,Employed persons working part-time,T,Total,Y20-64,From 20 to 64 years,PC_EMP,Percentage of total employment,SI,Slovenia,2016,,9.6,,,,,
dataflow,ESTAT:TESEM100(1.0),Part-time employment rate,A,Annual,EMP_PT,Employed persons working part-time,T,Total,Y20-64,From 20 to 64 years,PC_EMP,Percentage of total employment,SI,Slovenia,2017,,10.4,,,,,
dataflow,ESTAT:TESEM100(1.0),Part-time employment rate,A,Annual,EMP_PT,Employed persons working part-time,T,Total,Y20-64,From 20 to 64 years,PC_EMP,Percentage of total employment,SI,Slovenia,2018,,9.9,,,,,
dataflow,ESTAT:TESEM100(1.0),Part-time employment rate,A,Annual,EMP_PT,Employed persons working part-time,T,Total,Y20-64,From 20 to 64 years,PC_EMP,Percentage of total employment,SI,Slovenia,2019,,8.6,,,,,
dataflow,ESTAT:TESEM100(1.0),Part-time employment rate,A,Annual,EMP_PT,Employed persons working part-time,T,Total,Y20-64,From 20 to 64 years,PC_EMP,Percentage of total employment,SI,Slovenia,2020,,8.7,,,,,
dataflow,ESTAT:TESEM100(1.0),Part-time employment rate,A,Annual,EMP_PT,Employed persons working part-time,T,Total,Y20-64,From 20 to 64 years,PC_EMP,Percentage of total employment,SK,Slovakia,2009,,2.4,,,,,
dataflow,ESTAT:TESEM100(1.0),Part-time employment rate,A,Annual,EMP_PT,Employed persons working part-time,T,Total,Y20-64,From 20 to 64 years,PC_EMP,Percentage of total employment,SK,Slovakia,2010,,2.6,,,,,
dataflow,ESTAT:TESEM100(1.0),Part-time employment rate,A,Annual,EMP_PT,Employed persons working part-time,T,Total,Y20-64,From 20 to 64 years,PC_EMP,Percentage of total employment,SK,Slovakia,2011,,2.8,,b,break in time series,,
dataflow,ESTAT:TESEM100(1.0),Part-time employment rate,A,Annual,EMP_PT,Employed persons working part-time,T,Total,Y20-64,From 20 to 64 years,PC_EMP,Percentage of total employment,SK,Slovakia,2012,,2.8,,,,,
dataflow,ESTAT:TESEM100(1.0),Part-time employment rate,A,Annual,EMP_PT,Employed persons working part-time,T,Total,Y20-64,From 20 to 64 years,PC_EMP,Percentage of total employment,SK,Slovakia,2013,,3.2,,,,,
dataflow,ESTAT:TESEM100(1.0),Part-time employment rate,A,Annual,EMP_PT,Employed persons working part-time,T,Total,Y20-64,From 20 to 64 years,PC_EMP,Percentage of total employment,SK,Slovakia,2014,,3.5,,,,,
dataflow,ESTAT:TESEM100(1.0),Part-time employment rate,A,Annual,EMP_PT,Employed persons working part-time,T,Total,Y20-64,From 20 to 64 years,PC_EMP,Percentage of total employment,SK,Slovakia,2015,,4.1,,,,,
dataflow,ESTAT:TESEM100(1.0),Part-time employment rate,A,Annual,EMP_PT,Employed persons working part-time,T,Total,Y20-64,From 20 to 64 years,PC_EMP,Percentage of total employment,SK,Slovakia,2016,,4.1,,,,,
dataflow,ESTAT:TESEM100(1.0),Part-time employment rate,A,Annual,EMP_PT,Employed persons working part-time,T,Total,Y20-64,From 20 to 64 years,PC_EMP,Percentage of total employment,SK,Slovakia,2017,,4.1,,,,,
dataflow,ESTAT:TESEM100(1.0),Part-time employment rate,A,Annual,EMP_PT,Employed persons working part-time,T,Total,Y20-64,From 20 to 64 years,PC_EMP,Percentage of total employment,SK,Slovakia,2018,,3.4,,,,,
dataflow,ESTAT:TESEM100(1.0),Part-time employment rate,A,Annual,EMP_PT,Employed persons working part-time,T,Total,Y20-64,From 20 to 64 years,PC_EMP,Percentage of total employment,SK,Slovakia,2019,,3.2,,,,,
dataflow,ESTAT:TESEM100(1.0),Part-time employment rate,A,Annual,EMP_PT,Employed persons working part-time,T,Total,Y20-64,From 20 to 64 years,PC_EMP,Percentage of total employment,SK,Slovakia,2020,,3.2,,,,,
