STRUCTURE,STRUCTURE_ID,STRUCTURE_NAME,freq,Time frequency,unit,Unit of measure,age,Age class,sex,Sex,geo,Geopolitical entity (reporting),TIME_PERIOD,Time,OBS_VALUE,Observation value,OBS_FLAG,Observation status (Flag) V2 structure,CONF_STATUS,Confidentiality status (flag)
dataflow,ESTAT:ILC_MDDD11(1.0),Severe material deprivation rate by age and sex,A,Annual,PC,Percentage,Y_GE18,18 years or over,T,Total,AT,Austria,2009,,4.4,,,,,
dataflow,ESTAT:ILC_MDDD11(1.0),Severe material deprivation rate by age and sex,A,Annual,PC,Percentage,Y_GE18,18 years or over,T,Total,AT,Austria,2010,,4.0,,,,,
dataflow,ESTAT:ILC_MDDD11(1.0),Severe material deprivation rate by age and sex,A,Annual,PC,Percentage,Y_GE18,18 years or over,T,Total,AT,Austria,2011,,3.6,,,,,
dataflow,ESTAT:ILC_MDDD11(1.0),Severe material deprivation rate by age and sex,A,Annual,PC,Percentage,Y_GE18,18 years or over,T,Total,AT,Austria,2012,,3.6,,,,,
dataflow,ESTAT:ILC_MDDD11(1.0),Severe material deprivation rate by age and sex,A,Annual,PC,Percentage,Y_GE18,18 years or over,T,Total,AT,Austria,2013,,3.8,,,,,
dataflow,ESTAT:ILC_MDDD11(1.0),Severe material deprivation rate by age and sex,A,Annual,PC,Percentage,Y_GE18,18 years or over,T,Total,AT,Austria,2014,,3.6,,,,,
dataflow,ESTAT:ILC_MDDD11(1.0),Severe material deprivation rate by age and sex,A,Annual,PC,Percentage,Y_GE18,18 years or over,T,Total,AT,Austria,2015,,3.4,,,,,
dataflow,ESTAT:ILC_MDDD11(1.0),Severe material deprivation rate by age and sex,A,Annual,PC,Percentage,Y_GE18,18 years or over,T,Total,AT,Austria,2016,,2.9,,,,,
dataflow,ESTAT:ILC_MDDD11(1.0),Severe material deprivation rate by age and sex,A,Annual,PC,Percentage,Y_GE18,18 years or over,T,Total,AT,Austria,2017,,3.4,,,,,
dataflow,ESTAT:ILC_MDDD11(1.0),Severe material deprivation rate by age and sex,A,Annual,PC,Percentage,Y_GE18,18 years or over,T,Total,AT,Austria,2018,,2.6,,,,,
dataflow,ESTAT:ILC_MDDD11(1.0),Severe material deprivation rate by age and sex,A,Annual,PC,Percentage,Y_GE18,18 years or over,T,Total,AT,Austria,2019,,2.4,,,,,
dataflow,ESTAT:ILC_MDDD11(1.0),Severe material deprivation rate by age and sex,A,Annual,PC,Percentage,Y_GE18,18 years or over,T,Total,AT,Austria,2020,,2.3,,,,,
dataflow,ESTAT:ILC_MDDD11(1.0),Severe material deprivation rate by age and sex,A,Annual,PC,Percentage,Y_GE18,18 years or over,T,Total,BE,Belgium,2009,,4.9,,,,,
dataflow,ESTAT:ILC_MDDD11(1.0),Severe material deprivation rate by age and sex,A,Annual,PC,Percentage,Y_GE18,18 years or over,T,Total,BE,Belgium,2010,,5.4,,,,,
dataflow,ESTAT:ILC_MDDD11(1.0),Severe material deprivation rate by age and sex,A,Annual,PC,Percentage,Y_GE18,18 years or over,T,Total,BE,Belgium,2011,,5.0,,,,,
dataflow,ESTAT:ILC_MDDD11(1.0),Severe material deprivation rate by age and sex,A,Annual,PC,Percentage,Y_GE18,18 years or over,T,Total,BE,Belgium,2012,,5.8,,,,,
dataflow,ESTAT:ILC_MDDD11(1.0),Severe material deprivation rate by age and sex,A,Annual,PC,Percentage,Y_GE18,18 years or over,T,Total,BE,Belgium,2013,,5.0,,,,,
dataflow,ESTAT:ILC_MDDD11(1.0),Severe material deprivation rate by age and sex,A,Annual,PC,Percentage,Y_GE18,18 years or over,T,Total,BE,Belgium,2014,,5.7,,,,,
dataflow,ESTAT:ILC_MDDD11(1.0),Severe material deprivation rate by age and sex,A,Annual,PC,Percentage,Y_GE18,18 years or over,T,Total,BE,Belgium,2015,,5.2,,,,,
dataflow,ESTAT:ILC_MDDD11(1.0),Severe material deprivation rate by age and sex,A,Annual,PC,Percentage,Y_GE18,18 years or over,T,Total,BE,Belgium,2016,,5.2,,,,,
dataflow,ESTAT:ILC_MDDD11(1.0),Severe material deprivation rate by age and sex,A,Annual,PC,Percentage,Y_GE18,18 years or over,T,Total,BE,Belgium,2017,,4.9,,,,,
dataflow,ESTAT:ILC_MDDD11(1.0),Severe material deprivation rate by age and sex,A,Annual,PC,Percentage,Y_GE18,18 years or over,T,Total,BE,Belgium,2018,,4.5,,,,,
dataflow,ESTAT:ILC_MDDD11(1.0),Severe material deprivation rate by age and sex,A,Annual,PC,Percentage,Y_GE18,18 years or over,T,Total,BE,Belgium,2019,,4.0,,b,break in time series,,
dataflow,ESTAT:ILC_MDDD11(1.0),Severe material deprivation rate by age and sex,A,Annual,PC,Percentage,Y_GE18,18 years or over,T,Total,BE,Belgium,2020,,3.8,,,,,
dataflow,ESTAT:ILC_MDDD11(1.0),Severe material deprivation rate by age and sex,A,Annual,PC,Percentage,Y_GE18,18 years or over,T,Total,BG,Bulgaria,2009,,41.5,,,,,
dataflow,ESTAT:ILC_MDDD11(1.0),Severe material deprivation rate by age and sex,A,Annual,PC,Percentage,Y_GE18,18 years or over,T,Total,BG,Bulgaria,2010,,45.6,,,,,
dataflow,ESTAT:ILC_MDDD11(1.0),Severe material deprivation rate by age and sex,A,Annual,PC,Percentage,Y_GE18,18 years or over,T,Total,BG,Bulgaria,2011,,43.2,,,,,
dataflow,ESTAT:ILC_MDDD11(1.0),Severe material deprivation rate by age and sex,A,Annual,PC,Percentage,Y_GE18,18 years or over,T,Total,BG,Bulgaria,2012,,43.6,,,,,
dataflow,ESTAT:ILC_MDDD11(1.0),Severe material deprivation rate by age and sex,A,Annual,PC,Percentage,Y_GE18,18 years or over,T,Total,BG,Bulgaria,2013,,42.4,,,,,
dataflow,ESTAT:ILC_MDDD11(1.0),Severe material deprivation rate by age and sex,A,Annual,PC,Percentage,Y_GE18,18 years or over,T,Total,BG,Bulgaria,2014,,32.0,,,,,
dataflow,ESTAT:ILC_MDDD11(1.0),Severe material deprivation rate by age and sex,A,Annual,PC,Percentage,Y_GE18,18 years or over,T,Total,BG,Bulgaria,2015,,33.6,,,,,
dataflow,ESTAT:ILC_MDDD11(1.0),Severe material deprivation rate by age and sex,A,Annual,PC,Percentage,Y_GE18,18 years or over,T,Total,BG,Bulgaria,2016,,31.1,,b,break in time series,,
dataflow,ESTAT:ILC_MDDD11(1.0),Severe material deprivation rate by age and sex,A,Annual,PC,Percentage,Y_GE18,18 years or over,T,Total,BG,Bulgaria,2017,,29.3,,,,,
dataflow,ESTAT:ILC_MDDD11(1.0),Severe material deprivation rate by age and sex,A,Annual,PC,Percentage,Y_GE18,18 years or over,T,Total,BG,Bulgaria,2018,,21.2,,,,,
dataflow,ESTAT:ILC_MDDD11(1.0),Severe material deprivation rate by age and sex,A,Annual,PC,Percentage,Y_GE18,18 years or over,T,Total,BG,Bulgaria,2019,,21.1,,,,,
dataflow,ESTAT:ILC_MDDD11(1.0),Severe material deprivation rate by age and sex,A,Annual,PC,Percentage,Y_GE18,18 years or over,T,Total,BG,Bulgaria,2020,,19.2,,,,,
dataflow,ESTAT:ILC_MDDD11(1.0),Severe material deprivation rate by age and sex,A,Annual,PC,Percentage,Y_GE18,18 years or over,T,Total,CY,Cyprus,2009,,9.5,,,,,
dataflow,ESTAT:ILC_MDDD11(1.0),Severe material deprivation rate by age and sex,A,Annual,PC,Percentage,Y_GE18,18 years or over,T,Total,CY,Cyprus,2010,,10.8,,,,,
dataflow,ESTAT:ILC_MDDD11(1.0),Severe material deprivation rate by age and sex,A,Annual,PC,Percentage,Y_GE18,18 years or over,T,Total,CY,Cyprus,2011,,10.9,,,,,
dataflow,ESTAT:ILC_MDDD11(1.0),Severe material deprivation rate by age and sex,A,Annual,PC,Percentage,Y_GE18,18 years or over,T,Total,CY,Cyprus,2012,,14.2,,,,,
dataflow,ESTAT:ILC_MDDD11(1.0),Severe material deprivation rate by age and sex,A,Annual,PC,Percentage,Y_GE18,18 years or over,T,Total,CY,Cyprus,2013,,15.5,,,,,
dataflow,ESTAT:ILC_MDDD11(1.0),Severe material deprivation rate by age and sex,A,Annual,PC,Percentage,Y_GE18,18 years or over,T,Total,CY,Cyprus,2014,,15.2,,,,,
dataflow,ESTAT:ILC_MDDD11(1.0),Severe material deprivation rate by age and sex,A,Annual,PC,Percentage,Y_GE18,18 years or over,T,Total,CY,Cyprus,2015,,14.9,,,,,
dataflow,ESTAT:ILC_MDDD11(1.0),Severe material deprivation rate by age and sex,A,Annual,PC,Percentage,Y_GE18,18 years or over,T,Total,CY,Cyprus,2016,,12.6,,,,,
dataflow,ESTAT:ILC_MDDD11(1.0),Severe material deprivation rate by age and sex,A,Annual,PC,Percentage,Y_GE18,18 years or over,T,Total,CY,Cyprus,2017,,11.0,,,,,
dataflow,ESTAT:ILC_MDDD11(1.0),Severe material deprivation rate by age and sex,A,Annual,PC,Percentage,Y_GE18,18 years or over,T,Total,CY,Cyprus,2018,,9.6,,,,,
dataflow,ESTAT:ILC_MDDD11(1.0),Severe material deprivation rate by age and sex,A,Annual,PC,Percentage,Y_GE18,18 years or over,T,Total,CY,Cyprus,2019,,8.3,,,,,
dataflow,ESTAT:ILC_MDDD11(1.0),Severe material deprivation rate by age and sex,A,Annual,PC,Percentage,Y_GE18,18 years or over,T,Total,CY,Cyprus,2020,,7.9,,,,,
dataflow,ESTAT:ILC_MDDD11(1.0),Severe material deprivation rate by age and sex,A,Annual,PC,Percentage,Y_GE18,18 years or over,T,Total,CZ,Czechia,2009,,5.9,,,,,
dataflow,ESTAT:ILC_MDDD11(1.0),Severe material deprivation rate by age and sex,A,Annual,PC,Percentage,Y_GE18,18 years or over,T,Total,CZ,Czechia,2010,,5.7,,,,,
dataflow,ESTAT:ILC_MDDD11(1.0),Severe material deprivation rate by age and sex,A,Annual,PC,Percentage,Y_GE18,18 years or over,T,Total,CZ,Czechia,2011,,5.7,,,,,
dataflow,ESTAT:ILC_MDDD11(1.0),Severe material deprivation rate by age and sex,A,Annual,PC,Percentage,Y_GE18,18 years or over,T,Total,CZ,Czechia,2012,,6.2,,,,,
dataflow,ESTAT:ILC_MDDD11(1.0),Severe material deprivation rate by age and sex,A,Annual,PC,Percentage,Y_GE18,18 years or over,T,Total,CZ,Czechia,2013,,6.4,,,,,
dataflow,ESTAT:ILC_MDDD11(1.0),Severe material deprivation rate by age and sex,A,Annual,PC,Percentage,Y_GE18,18 years or over,T,Total,CZ,Czechia,2014,,6.1,,,,,
dataflow,ESTAT:ILC_MDDD11(1.0),Severe material deprivation rate by age and sex,A,Annual,PC,Percentage,Y_GE18,18 years or over,T,Total,CZ,Czechia,2015,,5.2,,,,,
dataflow,ESTAT:ILC_MDDD11(1.0),Severe material deprivation rate by age and sex,A,Annual,PC,Percentage,Y_GE18,18 years or over,T,Total,CZ,Czechia,2016,,4.5,,,,,
dataflow,ESTAT:ILC_MDDD11(1.0),Severe material deprivation rate by age and sex,A,Annual,PC,Percentage,Y_GE18,18 years or over,T,Total,CZ,Czechia,2017,,3.6,,,,,
dataflow,ESTAT:ILC_MDDD11(1.0),Severe material deprivation rate by age and sex,A,Annual,PC,Percentage,Y_GE18,18 years or over,T,Total,CZ,Czechia,2018,,2.7,,,,,
dataflow,ESTAT:ILC_MDDD11(1.0),Severe material deprivation rate by age and sex,A,Annual,PC,Percentage,Y_GE18,18 years or over,T,Total,CZ,Czechia,2019,,2.7,,,,,
dataflow,ESTAT:ILC_MDDD11(1.0),Severe material deprivation rate by age and sex,A,Annual,PC,Percentage,Y_GE18,18 years or over,T,Total,CZ,Czechia,2020,,2.2,,,,,
dataflow,ESTAT:ILC_MDDD11(1.0),Severe material deprivation rate by age and sex,A,Annual,PC,Percentage,Y_GE18,18 years or over,T,Total,DE,Germany,2009,,5.0,,,,,
dataflow,ESTAT:ILC_MDDD11(1.0),Severe material deprivation rate by age and sex,A,Annual,PC,Percentage,Y_GE18,18 years or over,T,Total,DE,Germany,2010,,4.4,,,,,
dataflow,ESTAT:ILC_MDDD11(1.0),Severe material deprivation rate by age and sex,A,Annual,PC,Percentage,Y_GE18,18 years or over,T,Total,DE,Germany,2011,,5.3,,,,,
dataflow,ESTAT:ILC_MDDD11(1.0),Severe material deprivation rate by age and sex,A,Annual,PC,Percentage,Y_GE18,18 years or over,T,Total,DE,Germany,2012,,4.9,,,,,
dataflow,ESTAT:ILC_MDDD11(1.0),Severe material deprivation rate by age and sex,A,Annual,PC,Percentage,Y_GE18,18 years or over,T,Total,DE,Germany,2013,,5.3,,,,,
dataflow,ESTAT:ILC_MDDD11(1.0),Severe material deprivation rate by age and sex,A,Annual,PC,Percentage,Y_GE18,18 years or over,T,Total,DE,Germany,2014,,5.0,,,,,
dataflow,ESTAT:ILC_MDDD11(1.0),Severe material deprivation rate by age and sex,A,Annual,PC,Percentage,Y_GE18,18 years or over,T,Total,DE,Germany,2015,,4.4,,,,,
dataflow,ESTAT:ILC_MDDD11(1.0),Severe material deprivation rate by age and sex,A,Annual,PC,Percentage,Y_GE18,18 years or over,T,Total,DE,Germany,2016,,3.7,,,,,
dataflow,ESTAT:ILC_MDDD11(1.0),Severe material deprivation rate by age and sex,A,Annual,PC,Percentage,Y_GE18,18 years or over,T,Total,DE,Germany,2017,,3.4,,,,,
dataflow,ESTAT:ILC_MDDD11(1.0),Severe material deprivation rate by age and sex,A,Annual,PC,Percentage,Y_GE18,18 years or over,T,Total,DE,Germany,2018,,3.2,,,,,
dataflow,ESTAT:ILC_MDDD11(1.0),Severe material deprivation rate by age and sex,A,Annual,PC,Percentage,Y_GE18,18 years or over,T,Total,DE,Germany,2019,,2.7,,,,,
dataflow,ESTAT:ILC_MDDD11(1.0),Severe material deprivation rate by age and sex,A,Annual,PC,Percentage,Y_GE18,18 years or over,T,Total,DE,Germany,2020,,5.5,,b,break in time series,,
dataflow,ESTAT:ILC_MDDD11(1.0),Severe material deprivation rate by age and sex,A,Annual,PC,Percentage,Y_GE18,18 years or over,T,Total,DK,Denmark,2009,,2.3,,,,,
dataflow,ESTAT:ILC_MDDD11(1.0),Severe material deprivation rate by age and sex,A,Annual,PC,Percentage,Y_GE18,18 years or over,T,Total,DK,Denmark,2010,,2.5,,,,,
dataflow,ESTAT:ILC_MDDD11(1.0),Severe material deprivation rate by age and sex,A,Annual,PC,Percentage,Y_GE18,18 years or over,T,Total,DK,Denmark,2011,,2.2,,,,,
dataflow,ESTAT:ILC_MDDD11(1.0),Severe material deprivation rate by age and sex,A,Annual,PC,Percentage,Y_GE18,18 years or over,T,Total,DK,Denmark,2012,,2.4,,,,,
dataflow,ESTAT:ILC_MDDD11(1.0),Severe material deprivation rate by age and sex,A,Annual,PC,Percentage,Y_GE18,18 years or over,T,Total,DK,Denmark,2013,,3.5,,,,,
dataflow,ESTAT:ILC_MDDD11(1.0),Severe material deprivation rate by age and sex,A,Annual,PC,Percentage,Y_GE18,18 years or over,T,Total,DK,Denmark,2014,,3.3,,,,,
dataflow,ESTAT:ILC_MDDD11(1.0),Severe material deprivation rate by age and sex,A,Annual,PC,Percentage,Y_GE18,18 years or over,T,Total,DK,Denmark,2015,,3.5,,,,,
dataflow,ESTAT:ILC_MDDD11(1.0),Severe material deprivation rate by age and sex,A,Annual,PC,Percentage,Y_GE18,18 years or over,T,Total,DK,Denmark,2016,,2.5,,,,,
dataflow,ESTAT:ILC_MDDD11(1.0),Severe material deprivation rate by age and sex,A,Annual,PC,Percentage,Y_GE18,18 years or over,T,Total,DK,Denmark,2017,,3.1,,,,,
dataflow,ESTAT:ILC_MDDD11(1.0),Severe material deprivation rate by age and sex,A,Annual,PC,Percentage,Y_GE18,18 years or over,T,Total,DK,Denmark,2018,,3.2,,,,,
dataflow,ESTAT:ILC_MDDD11(1.0),Severe material deprivation rate by age and sex,A,Annual,PC,Percentage,Y_GE18,18 years or over,T,Total,DK,Denmark,2019,,2.5,,,,,
dataflow,ESTAT:ILC_MDDD11(1.0),Severe material deprivation rate by age and sex,A,Annual,PC,Percentage,Y_GE18,18 years or over,T,Total,DK,Denmark,2020,,2.4,,,,,
dataflow,ESTAT:ILC_MDDD11(1.0),Severe material deprivation rate by age and sex,A,Annual,PC,Percentage,Y_GE18,18 years or over,T,Total,EE,Estonia,2009,,6.0,,,,,
dataflow,ESTAT:ILC_MDDD11(1.0),Severe material deprivation rate by age and sex,A,Annual,PC,Percentage,Y_GE18,18 years or over,T,Total,EE,Estonia,2010,,8.6,,,,,
dataflow,ESTAT:ILC_MDDD11(1.0),Severe material deprivation rate by age and sex,A,Annual,PC,Percentage,Y_GE18,18 years or over,T,Total,EE,Estonia,2011,,8.6,,,,,
dataflow,ESTAT:ILC_MDDD11(1.0),Severe material deprivation rate by age and sex,A,Annual,PC,Percentage,Y_GE18,18 years or over,T,Total,EE,Estonia,2012,,9.4,,,,,
dataflow,ESTAT:ILC_MDDD11(1.0),Severe material deprivation rate by age and sex,A,Annual,PC,Percentage,Y_GE18,18 years or over,T,Total,EE,Estonia,2013,,7.7,,,,,
dataflow,ESTAT:ILC_MDDD11(1.0),Severe material deprivation rate by age and sex,A,Annual,PC,Percentage,Y_GE18,18 years or over,T,Total,EE,Estonia,2014,,6.3,,,,,
dataflow,ESTAT:ILC_MDDD11(1.0),Severe material deprivation rate by age and sex,A,Annual,PC,Percentage,Y_GE18,18 years or over,T,Total,EE,Estonia,2015,,4.6,,,,,
dataflow,ESTAT:ILC_MDDD11(1.0),Severe material deprivation rate by age and sex,A,Annual,PC,Percentage,Y_GE18,18 years or over,T,Total,EE,Estonia,2016,,4.9,,,,,
dataflow,ESTAT:ILC_MDDD11(1.0),Severe material deprivation rate by age and sex,A,Annual,PC,Percentage,Y_GE18,18 years or over,T,Total,EE,Estonia,2017,,4.3,,,,,
dataflow,ESTAT:ILC_MDDD11(1.0),Severe material deprivation rate by age and sex,A,Annual,PC,Percentage,Y_GE18,18 years or over,T,Total,EE,Estonia,2018,,3.8,,,,,
dataflow,ESTAT:ILC_MDDD11(1.0),Severe material deprivation rate by age and sex,A,Annual,PC,Percentage,Y_GE18,18 years or over,T,Total,EE,Estonia,2019,,3.3,,,,,
dataflow,ESTAT:ILC_MDDD11(1.0),Severe material deprivation rate by age and sex,A,Annual,PC,Percentage,Y_GE18,18 years or over,T,Total,EE,Estonia,2020,,2.9,,,,,
dataflow,ESTAT:ILC_MDDD11(1.0),Severe material deprivation rate by age and sex,A,Annual,PC,Percentage,Y_GE18,18 years or over,T,Total,EL,Greece,2009,,10.7,,,,,
dataflow,ESTAT:ILC_MDDD11(1.0),Severe material deprivation rate by age and sex,A,Annual,PC,Percentage,Y_GE18,18 years or over,T,Total,EL,Greece,2010,,11.5,,,,,
dataflow,ESTAT:ILC_MDDD11(1.0),Severe material deprivation rate by age and sex,A,Annual,PC,Percentage,Y_GE18,18 years or over,T,Total,EL,Greece,2011,,14.9,,,,,
dataflow,ESTAT:ILC_MDDD11(1.0),Severe material deprivation rate by age and sex,A,Annual,PC,Percentage,Y_GE18,18 years or over,T,Total,EL,Greece,2012,,19.2,,,,,
dataflow,ESTAT:ILC_MDDD11(1.0),Severe material deprivation rate by age and sex,A,Annual,PC,Percentage,Y_GE18,18 years or over,T,Total,EL,Greece,2013,,19.7,,,,,
dataflow,ESTAT:ILC_MDDD11(1.0),Severe material deprivation rate by age and sex,A,Annual,PC,Percentage,Y_GE18,18 years or over,T,Total,EL,Greece,2014,,21.0,,,,,
dataflow,ESTAT:ILC_MDDD11(1.0),Severe material deprivation rate by age and sex,A,Annual,PC,Percentage,Y_GE18,18 years or over,T,Total,EL,Greece,2015,,21.4,,,,,
dataflow,ESTAT:ILC_MDDD11(1.0),Severe material deprivation rate by age and sex,A,Annual,PC,Percentage,Y_GE18,18 years or over,T,Total,EL,Greece,2016,,21.5,,,,,
dataflow,ESTAT:ILC_MDDD11(1.0),Severe material deprivation rate by age and sex,A,Annual,PC,Percentage,Y_GE18,18 years or over,T,Total,EL,Greece,2017,,20.5,,,,,
dataflow,ESTAT:ILC_MDDD11(1.0),Severe material deprivation rate by age and sex,A,Annual,PC,Percentage,Y_GE18,18 years or over,T,Total,EL,Greece,2018,,16.3,,,,,
dataflow,ESTAT:ILC_MDDD11(1.0),Severe material deprivation rate by age and sex,A,Annual,PC,Percentage,Y_GE18,18 years or over,T,Total,EL,Greece,2019,,15.9,,,,,
dataflow,ESTAT:ILC_MDDD11(1.0),Severe material deprivation rate by age and sex,A,Annual,PC,Percentage,Y_GE18,18 years or over,T,Total,EL,Greece,2020,,16.0,,,,,
dataflow,ESTAT:ILC_MDDD11(1.0),Severe material deprivation rate by age and sex,A,Annual,PC,Percentage,Y_GE18,18 years or over,T,Total,ES,Spain,2009,,4.0,,,,,
dataflow,ESTAT:ILC_MDDD11(1.0),Severe material deprivation rate by age and sex,A,Annual,PC,Percentage,Y_GE18,18 years or over,T,Total,ES,Spain,2010,,4.4,,,,,
dataflow,ESTAT:ILC_MDDD11(1.0),Severe material deprivation rate by age and sex,A,Annual,PC,Percentage,Y_GE18,18 years or over,T,Total,ES,Spain,2011,,4.4,,,,,
dataflow,ESTAT:ILC_MDDD11(1.0),Severe material deprivation rate by age and sex,A,Annual,PC,Percentage,Y_GE18,18 years or over,T,Total,ES,Spain,2012,,5.5,,,,,
dataflow,ESTAT:ILC_MDDD11(1.0),Severe material deprivation rate by age and sex,A,Annual,PC,Percentage,Y_GE18,18 years or over,T,Total,ES,Spain,2013,,5.7,,,,,
dataflow,ESTAT:ILC_MDDD11(1.0),Severe material deprivation rate by age and sex,A,Annual,PC,Percentage,Y_GE18,18 years or over,T,Total,ES,Spain,2014,,6.5,,,,,
dataflow,ESTAT:ILC_MDDD11(1.0),Severe material deprivation rate by age and sex,A,Annual,PC,Percentage,Y_GE18,18 years or over,T,Total,ES,Spain,2015,,5.9,,,,,
dataflow,ESTAT:ILC_MDDD11(1.0),Severe material deprivation rate by age and sex,A,Annual,PC,Percentage,Y_GE18,18 years or over,T,Total,ES,Spain,2016,,5.5,,,,,
dataflow,ESTAT:ILC_MDDD11(1.0),Severe material deprivation rate by age and sex,A,Annual,PC,Percentage,Y_GE18,18 years or over,T,Total,ES,Spain,2017,,4.8,,,,,
dataflow,ESTAT:ILC_MDDD11(1.0),Severe material deprivation rate by age and sex,A,Annual,PC,Percentage,Y_GE18,18 years or over,T,Total,ES,Spain,2018,,5.2,,,,,
dataflow,ESTAT:ILC_MDDD11(1.0),Severe material deprivation rate by age and sex,A,Annual,PC,Percentage,Y_GE18,18 years or over,T,Total,ES,Spain,2019,,4.4,,,,,
dataflow,ESTAT:ILC_MDDD11(1.0),Severe material deprivation rate by age and sex,A,Annual,PC,Percentage,Y_GE18,18 years or over,T,Total,ES,Spain,2020,,6.5,,,,,
dataflow,ESTAT:ILC_MDDD11(1.0),Severe material deprivation rate by age and sex,A,Annual,PC,Percentage,Y_GE18,18 years or over,T,Total,FI,Finland,2009,,2.9,,,,,
dataflow,ESTAT:ILC_MDDD11(1.0),Severe material deprivation rate by age and sex,A,Annual,PC,Percentage,Y_GE18,18 years or over,T,Total,FI,Finland,2010,,3.0,,,,,
dataflow,ESTAT:ILC_MDDD11(1.0),Severe material deprivation rate by age and sex,A,Annual,PC,Percentage,Y_GE18,18 years or over,T,Total,FI,Finland,2011,,3.2,,,,,
dataflow,ESTAT:ILC_MDDD11(1.0),Severe material deprivation rate by age and sex,A,Annual,PC,Percentage,Y_GE18,18 years or over,T,Total,FI,Finland,2012,,3.0,,,,,
dataflow,ESTAT:ILC_MDDD11(1.0),Severe material deprivation rate by age and sex,A,Annual,PC,Percentage,Y_GE18,18 years or over,T,Total,FI,Finland,2013,,2.6,,,,,
dataflow,ESTAT:ILC_MDDD11(1.0),Severe material deprivation rate by age and sex,A,Annual,PC,Percentage,Y_GE18,18 years or over,T,Total,FI,Finland,2014,,3.0,,,,,
dataflow,ESTAT:ILC_MDDD11(1.0),Severe material deprivation rate by age and sex,A,Annual,PC,Percentage,Y_GE18,18 years or over,T,Total,FI,Finland,2015,,2.2,,,,,
dataflow,ESTAT:ILC_MDDD11(1.0),Severe material deprivation rate by age and sex,A,Annual,PC,Percentage,Y_GE18,18 years or over,T,Total,FI,Finland,2016,,2.3,,,,,
dataflow,ESTAT:ILC_MDDD11(1.0),Severe material deprivation rate by age and sex,A,Annual,PC,Percentage,Y_GE18,18 years or over,T,Total,FI,Finland,2017,,2.2,,,,,
dataflow,ESTAT:ILC_MDDD11(1.0),Severe material deprivation rate by age and sex,A,Annual,PC,Percentage,Y_GE18,18 years or over,T,Total,FI,Finland,2018,,2.9,,,,,
dataflow,ESTAT:ILC_MDDD11(1.0),Severe material deprivation rate by age and sex,A,Annual,PC,Percentage,Y_GE18,18 years or over,T,Total,FI,Finland,2019,,2.5,,,,,
dataflow,ESTAT:ILC_MDDD11(1.0),Severe material deprivation rate by age and sex,A,Annual,PC,Percentage,Y_GE18,18 years or over,T,Total,FI,Finland,2020,,2.7,,,,,
dataflow,ESTAT:ILC_MDDD11(1.0),Severe material deprivation rate by age and sex,A,Annual,PC,Percentage,Y_GE18,18 years or over,T,Total,FR,France,2009,,5.3,,,,,
dataflow,ESTAT:ILC_MDDD11(1.0),Severe material deprivation rate by age and sex,A,Annual,PC,Percentage,Y_GE18,18 years or over,T,Total,FR,France,2010,,5.5,,,,,
dataflow,ESTAT:ILC_MDDD11(1.0),Severe material deprivation rate by age and sex,A,Annual,PC,Percentage,Y_GE18,18 years or over,T,Total,FR,France,2011,,4.7,,,,,
dataflow,ESTAT:ILC_MDDD11(1.0),Severe material deprivation rate by age and sex,A,Annual,PC,Percentage,Y_GE18,18 years or over,T,Total,FR,France,2012,,4.8,,,,,
dataflow,ESTAT:ILC_MDDD11(1.0),Severe material deprivation rate by age and sex,A,Annual,PC,Percentage,Y_GE18,18 years or over,T,Total,FR,France,2013,,4.7,,,,,
dataflow,ESTAT:ILC_MDDD11(1.0),Severe material deprivation rate by age and sex,A,Annual,PC,Percentage,Y_GE18,18 years or over,T,Total,FR,France,2014,,4.5,,,,,
dataflow,ESTAT:ILC_MDDD11(1.0),Severe material deprivation rate by age and sex,A,Annual,PC,Percentage,Y_GE18,18 years or over,T,Total,FR,France,2015,,4.3,,,,,
dataflow,ESTAT:ILC_MDDD11(1.0),Severe material deprivation rate by age and sex,A,Annual,PC,Percentage,Y_GE18,18 years or over,T,Total,FR,France,2016,,4.2,,,,,
dataflow,ESTAT:ILC_MDDD11(1.0),Severe material deprivation rate by age and sex,A,Annual,PC,Percentage,Y_GE18,18 years or over,T,Total,FR,France,2017,,3.9,,,,,
dataflow,ESTAT:ILC_MDDD11(1.0),Severe material deprivation rate by age and sex,A,Annual,PC,Percentage,Y_GE18,18 years or over,T,Total,FR,France,2018,,4.5,,,,,
dataflow,ESTAT:ILC_MDDD11(1.0),Severe material deprivation rate by age and sex,A,Annual,PC,Percentage,Y_GE18,18 years or over,T,Total,FR,France,2019,,4.5,,,,,
dataflow,ESTAT:ILC_MDDD11(1.0),Severe material deprivation rate by age and sex,A,Annual,PC,Percentage,Y_GE18,18 years or over,T,Total,FR,France,2020,,4.7,,b,break in time series,,
dataflow,ESTAT:ILC_MDDD11(1.0),Severe material deprivation rate by age and sex,A,Annual,PC,Percentage,Y_GE18,18 years or over,T,Total,HU,Hungary,2009,,19.1,,,,,
dataflow,ESTAT:ILC_MDDD11(1.0),Severe material deprivation rate by age and sex,A,Annual,PC,Percentage,Y_GE18,18 years or over,T,Total,HU,Hungary,2010,,19.9,,,,,
dataflow,ESTAT:ILC_MDDD11(1.0),Severe material deprivation rate by age and sex,A,Annual,PC,Percentage,Y_GE18,18 years or over,T,Total,HU,Hungary,2011,,21.9,,,,,
dataflow,ESTAT:ILC_MDDD11(1.0),Severe material deprivation rate by age and sex,A,Annual,PC,Percentage,Y_GE18,18 years or over,T,Total,HU,Hungary,2012,,24.6,,,,,
dataflow,ESTAT:ILC_MDDD11(1.0),Severe material deprivation rate by age and sex,A,Annual,PC,Percentage,Y_GE18,18 years or over,T,Total,HU,Hungary,2013,,26.1,,,,,
dataflow,ESTAT:ILC_MDDD11(1.0),Severe material deprivation rate by age and sex,A,Annual,PC,Percentage,Y_GE18,18 years or over,T,Total,HU,Hungary,2014,,22.4,,,,,
dataflow,ESTAT:ILC_MDDD11(1.0),Severe material deprivation rate by age and sex,A,Annual,PC,Percentage,Y_GE18,18 years or over,T,Total,HU,Hungary,2015,,18.2,,,,,
dataflow,ESTAT:ILC_MDDD11(1.0),Severe material deprivation rate by age and sex,A,Annual,PC,Percentage,Y_GE18,18 years or over,T,Total,HU,Hungary,2016,,15.2,,,,,
dataflow,ESTAT:ILC_MDDD11(1.0),Severe material deprivation rate by age and sex,A,Annual,PC,Percentage,Y_GE18,18 years or over,T,Total,HU,Hungary,2017,,13.5,,,,,
dataflow,ESTAT:ILC_MDDD11(1.0),Severe material deprivation rate by age and sex,A,Annual,PC,Percentage,Y_GE18,18 years or over,T,Total,HU,Hungary,2018,,9.1,,,,,
dataflow,ESTAT:ILC_MDDD11(1.0),Severe material deprivation rate by age and sex,A,Annual,PC,Percentage,Y_GE18,18 years or over,T,Total,HU,Hungary,2019,,7.6,,b,break in time series,,
dataflow,ESTAT:ILC_MDDD11(1.0),Severe material deprivation rate by age and sex,A,Annual,PC,Percentage,Y_GE18,18 years or over,T,Total,HU,Hungary,2020,,7.2,,,,,
dataflow,ESTAT:ILC_MDDD11(1.0),Severe material deprivation rate by age and sex,A,Annual,PC,Percentage,Y_GE18,18 years or over,T,Total,IE,Ireland,2009,,5.3,,,,,
dataflow,ESTAT:ILC_MDDD11(1.0),Severe material deprivation rate by age and sex,A,Annual,PC,Percentage,Y_GE18,18 years or over,T,Total,IE,Ireland,2010,,4.8,,,,,
dataflow,ESTAT:ILC_MDDD11(1.0),Severe material deprivation rate by age and sex,A,Annual,PC,Percentage,Y_GE18,18 years or over,T,Total,IE,Ireland,2011,,7.1,,,,,
dataflow,ESTAT:ILC_MDDD11(1.0),Severe material deprivation rate by age and sex,A,Annual,PC,Percentage,Y_GE18,18 years or over,T,Total,IE,Ireland,2012,,8.9,,,,,
dataflow,ESTAT:ILC_MDDD11(1.0),Severe material deprivation rate by age and sex,A,Annual,PC,Percentage,Y_GE18,18 years or over,T,Total,IE,Ireland,2013,,8.6,,,,,
dataflow,ESTAT:ILC_MDDD11(1.0),Severe material deprivation rate by age and sex,A,Annual,PC,Percentage,Y_GE18,18 years or over,T,Total,IE,Ireland,2014,,8.4,,,,,
dataflow,ESTAT:ILC_MDDD11(1.0),Severe material deprivation rate by age and sex,A,Annual,PC,Percentage,Y_GE18,18 years or over,T,Total,IE,Ireland,2015,,7.7,,,,,
dataflow,ESTAT:ILC_MDDD11(1.0),Severe material deprivation rate by age and sex,A,Annual,PC,Percentage,Y_GE18,18 years or over,T,Total,IE,Ireland,2016,,5.8,,,,,
dataflow,ESTAT:ILC_MDDD11(1.0),Severe material deprivation rate by age and sex,A,Annual,PC,Percentage,Y_GE18,18 years or over,T,Total,IE,Ireland,2017,,4.6,,,,,
dataflow,ESTAT:ILC_MDDD11(1.0),Severe material deprivation rate by age and sex,A,Annual,PC,Percentage,Y_GE18,18 years or over,T,Total,IE,Ireland,2018,,4.3,,,,,
dataflow,ESTAT:ILC_MDDD11(1.0),Severe material deprivation rate by age and sex,A,Annual,PC,Percentage,Y_GE18,18 years or over,T,Total,IE,Ireland,2019,,5.0,,b,break in time series,,
dataflow,ESTAT:ILC_MDDD11(1.0),Severe material deprivation rate by age and sex,A,Annual,PC,Percentage,Y_GE18,18 years or over,T,Total,IE,Ireland,2020,,4.0,,b,break in time series,,
dataflow,ESTAT:ILC_MDDD11(1.0),Severe material deprivation rate by age and sex,A,Annual,PC,Percentage,Y_GE18,18 years or over,T,Total,IT,Italy,2009,,7.1,,,,,
dataflow,ESTAT:ILC_MDDD11(1.0),Severe material deprivation rate by age and sex,A,Annual,PC,Percentage,Y_GE18,18 years or over,T,Total,IT,Italy,2010,,7.1,,,,,
dataflow,ESTAT:ILC_MDDD11(1.0),Severe material deprivation rate by age and sex,A,Annual,PC,Percentage,Y_GE18,18 years or over,T,Total,IT,Italy,2011,,10.9,,,,,
dataflow,ESTAT:ILC_MDDD11(1.0),Severe material deprivation rate by age and sex,A,Annual,PC,Percentage,Y_GE18,18 years or over,T,Total,IT,Italy,2012,,14.0,,,,,
dataflow,ESTAT:ILC_MDDD11(1.0),Severe material deprivation rate by age and sex,A,Annual,PC,Percentage,Y_GE18,18 years or over,T,Total,IT,Italy,2013,,12.1,,,,,
dataflow,ESTAT:ILC_MDDD11(1.0),Severe material deprivation rate by age and sex,A,Annual,PC,Percentage,Y_GE18,18 years or over,T,Total,IT,Italy,2014,,11.2,,,,,
dataflow,ESTAT:ILC_MDDD11(1.0),Severe material deprivation rate by age and sex,A,Annual,PC,Percentage,Y_GE18,18 years or over,T,Total,IT,Italy,2015,,11.2,,,,,
dataflow,ESTAT:ILC_MDDD11(1.0),Severe material deprivation rate by age and sex,A,Annual,PC,Percentage,Y_GE18,18 years or over,T,Total,IT,Italy,2016,,12.0,,,,,
dataflow,ESTAT:ILC_MDDD11(1.0),Severe material deprivation rate by age and sex,A,Annual,PC,Percentage,Y_GE18,18 years or over,T,Total,IT,Italy,2017,,10.2,,,,,
dataflow,ESTAT:ILC_MDDD11(1.0),Severe material deprivation rate by age and sex,A,Annual,PC,Percentage,Y_GE18,18 years or over,T,Total,IT,Italy,2018,,8.6,,,,,
dataflow,ESTAT:ILC_MDDD11(1.0),Severe material deprivation rate by age and sex,A,Annual,PC,Percentage,Y_GE18,18 years or over,T,Total,IT,Italy,2019,,7.6,,,,,
dataflow,ESTAT:ILC_MDDD11(1.0),Severe material deprivation rate by age and sex,A,Annual,PC,Percentage,Y_GE18,18 years or over,T,Total,IT,Italy,2020,,5.9,,,,,
dataflow,ESTAT:ILC_MDDD11(1.0),Severe material deprivation rate by age and sex,A,Annual,PC,Percentage,Y_GE18,18 years or over,T,Total,LT,Lithuania,2009,,15.6,,,,,
dataflow,ESTAT:ILC_MDDD11(1.0),Severe material deprivation rate by age and sex,A,Annual,PC,Percentage,Y_GE18,18 years or over,T,Total,LT,Lithuania,2010,,19.8,,,,,
dataflow,ESTAT:ILC_MDDD11(1.0),Severe material deprivation rate by age and sex,A,Annual,PC,Percentage,Y_GE18,18 years or over,T,Total,LT,Lithuania,2011,,19.5,,,,,
dataflow,ESTAT:ILC_MDDD11(1.0),Severe material deprivation rate by age and sex,A,Annual,PC,Percentage,Y_GE18,18 years or over,T,Total,LT,Lithuania,2012,,20.5,,,,,
dataflow,ESTAT:ILC_MDDD11(1.0),Severe material deprivation rate by age and sex,A,Annual,PC,Percentage,Y_GE18,18 years or over,T,Total,LT,Lithuania,2013,,15.5,,,,,
dataflow,ESTAT:ILC_MDDD11(1.0),Severe material deprivation rate by age and sex,A,Annual,PC,Percentage,Y_GE18,18 years or over,T,Total,LT,Lithuania,2014,,13.6,,,,,
dataflow,ESTAT:ILC_MDDD11(1.0),Severe material deprivation rate by age and sex,A,Annual,PC,Percentage,Y_GE18,18 years or over,T,Total,LT,Lithuania,2015,,13.9,,,,,
dataflow,ESTAT:ILC_MDDD11(1.0),Severe material deprivation rate by age and sex,A,Annual,PC,Percentage,Y_GE18,18 years or over,T,Total,LT,Lithuania,2016,,14.0,,,,,
dataflow,ESTAT:ILC_MDDD11(1.0),Severe material deprivation rate by age and sex,A,Annual,PC,Percentage,Y_GE18,18 years or over,T,Total,LT,Lithuania,2017,,12.2,,,,,
dataflow,ESTAT:ILC_MDDD11(1.0),Severe material deprivation rate by age and sex,A,Annual,PC,Percentage,Y_GE18,18 years or over,T,Total,LT,Lithuania,2018,,11.4,,,,,
dataflow,ESTAT:ILC_MDDD11(1.0),Severe material deprivation rate by age and sex,A,Annual,PC,Percentage,Y_GE18,18 years or over,T,Total,LT,Lithuania,2019,,9.6,,,,,
dataflow,ESTAT:ILC_MDDD11(1.0),Severe material deprivation rate by age and sex,A,Annual,PC,Percentage,Y_GE18,18 years or over,T,Total,LT,Lithuania,2020,,7.5,,,,,
dataflow,ESTAT:ILC_MDDD11(1.0),Severe material deprivation rate by age and sex,A,Annual,PC,Percentage,Y_GE18,18 years or over,T,Total,LU,Luxembourg,2009,,1.1,,,,,
dataflow,ESTAT:ILC_MDDD11(1.0),Severe material deprivation rate by age and sex,A,Annual,PC,Percentage,Y_GE18,18 years or over,T,Total,LU,Luxembourg,2010,,0.6,,,,,
dataflow,ESTAT:ILC_MDDD11(1.0),Severe material deprivation rate by age and sex,A,Annual,PC,Percentage,Y_GE18,18 years or over,T,Total,LU,Luxembourg,2011,,1.2,,,,,
dataflow,ESTAT:ILC_MDDD11(1.0),Severe material deprivation rate by age and sex,A,Annual,PC,Percentage,Y_GE18,18 years or over,T,Total,LU,Luxembourg,2012,,1.2,,,,,
dataflow,ESTAT:ILC_MDDD11(1.0),Severe material deprivation rate by age and sex,A,Annual,PC,Percentage,Y_GE18,18 years or over,T,Total,LU,Luxembourg,2013,,1.6,,,,,
dataflow,ESTAT:ILC_MDDD11(1.0),Severe material deprivation rate by age and sex,A,Annual,PC,Percentage,Y_GE18,18 years or over,T,Total,LU,Luxembourg,2014,,1.3,,,,,
dataflow,ESTAT:ILC_MDDD11(1.0),Severe material deprivation rate by age and sex,A,Annual,PC,Percentage,Y_GE18,18 years or over,T,Total,LU,Luxembourg,2015,,1.7,,,,,
dataflow,ESTAT:ILC_MDDD11(1.0),Severe material deprivation rate by age and sex,A,Annual,PC,Percentage,Y_GE18,18 years or over,T,Total,LU,Luxembourg,2016,,1.7,,b,break in time series,,
dataflow,ESTAT:ILC_MDDD11(1.0),Severe material deprivation rate by age and sex,A,Annual,PC,Percentage,Y_GE18,18 years or over,T,Total,LU,Luxembourg,2017,,1.2,,,,,
dataflow,ESTAT:ILC_MDDD11(1.0),Severe material deprivation rate by age and sex,A,Annual,PC,Percentage,Y_GE18,18 years or over,T,Total,LU,Luxembourg,2018,,1.2,,,,,
dataflow,ESTAT:ILC_MDDD11(1.0),Severe material deprivation rate by age and sex,A,Annual,PC,Percentage,Y_GE18,18 years or over,T,Total,LU,Luxembourg,2019,,1.3,,,,,
dataflow,ESTAT:ILC_MDDD11(1.0),Severe material deprivation rate by age and sex,A,Annual,PC,Percentage,Y_GE18,18 years or over,T,Total,LU,Luxembourg,2020,,1.8,,b,break in time series,,
dataflow,ESTAT:ILC_MDDD11(1.0),Severe material deprivation rate by age and sex,A,Annual,PC,Percentage,Y_GE18,18 years or over,T,Total,LV,Latvia,2009,,21.5,,,,,
dataflow,ESTAT:ILC_MDDD11(1.0),Severe material deprivation rate by age and sex,A,Annual,PC,Percentage,Y_GE18,18 years or over,T,Total,LV,Latvia,2010,,27.0,,,,,
dataflow,ESTAT:ILC_MDDD11(1.0),Severe material deprivation rate by age and sex,A,Annual,PC,Percentage,Y_GE18,18 years or over,T,Total,LV,Latvia,2011,,30.7,,,,,
dataflow,ESTAT:ILC_MDDD11(1.0),Severe material deprivation rate by age and sex,A,Annual,PC,Percentage,Y_GE18,18 years or over,T,Total,LV,Latvia,2012,,25.3,,,,,
dataflow,ESTAT:ILC_MDDD11(1.0),Severe material deprivation rate by age and sex,A,Annual,PC,Percentage,Y_GE18,18 years or over,T,Total,LV,Latvia,2013,,23.7,,,,,
dataflow,ESTAT:ILC_MDDD11(1.0),Severe material deprivation rate by age and sex,A,Annual,PC,Percentage,Y_GE18,18 years or over,T,Total,LV,Latvia,2014,,19.1,,,,,
dataflow,ESTAT:ILC_MDDD11(1.0),Severe material deprivation rate by age and sex,A,Annual,PC,Percentage,Y_GE18,18 years or over,T,Total,LV,Latvia,2015,,16.3,,,,,
dataflow,ESTAT:ILC_MDDD11(1.0),Severe material deprivation rate by age and sex,A,Annual,PC,Percentage,Y_GE18,18 years or over,T,Total,LV,Latvia,2016,,13.0,,,,,
dataflow,ESTAT:ILC_MDDD11(1.0),Severe material deprivation rate by age and sex,A,Annual,PC,Percentage,Y_GE18,18 years or over,T,Total,LV,Latvia,2017,,11.6,,,,,
dataflow,ESTAT:ILC_MDDD11(1.0),Severe material deprivation rate by age and sex,A,Annual,PC,Percentage,Y_GE18,18 years or over,T,Total,LV,Latvia,2018,,9.8,,,,,
dataflow,ESTAT:ILC_MDDD11(1.0),Severe material deprivation rate by age and sex,A,Annual,PC,Percentage,Y_GE18,18 years or over,T,Total,LV,Latvia,2019,,8.2,,,,,
dataflow,ESTAT:ILC_MDDD11(1.0),Severe material deprivation rate by age and sex,A,Annual,PC,Percentage,Y_GE18,18 years or over,T,Total,LV,Latvia,2020,,7.5,,,,,
dataflow,ESTAT:ILC_MDDD11(1.0),Severe material deprivation rate by age and sex,A,Annual,PC,Percentage,Y_GE18,18 years or over,T,Total,MT,Malta,2009,,4.5,,,,,
dataflow,ESTAT:ILC_MDDD11(1.0),Severe material deprivation rate by age and sex,A,Annual,PC,Percentage,Y_GE18,18 years or over,T,Total,MT,Malta,2010,,6.2,,,,,
dataflow,ESTAT:ILC_MDDD11(1.0),Severe material deprivation rate by age and sex,A,Annual,PC,Percentage,Y_GE18,18 years or over,T,Total,MT,Malta,2011,,6.4,,,,,
dataflow,ESTAT:ILC_MDDD11(1.0),Severe material deprivation rate by age and sex,A,Annual,PC,Percentage,Y_GE18,18 years or over,T,Total,MT,Malta,2012,,8.5,,,,,
dataflow,ESTAT:ILC_MDDD11(1.0),Severe material deprivation rate by age and sex,A,Annual,PC,Percentage,Y_GE18,18 years or over,T,Total,MT,Malta,2013,,9.6,,,,,
dataflow,ESTAT:ILC_MDDD11(1.0),Severe material deprivation rate by age and sex,A,Annual,PC,Percentage,Y_GE18,18 years or over,T,Total,MT,Malta,2014,,9.4,,,,,
dataflow,ESTAT:ILC_MDDD11(1.0),Severe material deprivation rate by age and sex,A,Annual,PC,Percentage,Y_GE18,18 years or over,T,Total,MT,Malta,2015,,8.0,,,,,
dataflow,ESTAT:ILC_MDDD11(1.0),Severe material deprivation rate by age and sex,A,Annual,PC,Percentage,Y_GE18,18 years or over,T,Total,MT,Malta,2016,,4.0,,,,,
dataflow,ESTAT:ILC_MDDD11(1.0),Severe material deprivation rate by age and sex,A,Annual,PC,Percentage,Y_GE18,18 years or over,T,Total,MT,Malta,2017,,2.9,,,,,
dataflow,ESTAT:ILC_MDDD11(1.0),Severe material deprivation rate by age and sex,A,Annual,PC,Percentage,Y_GE18,18 years or over,T,Total,MT,Malta,2018,,2.9,,,,,
dataflow,ESTAT:ILC_MDDD11(1.0),Severe material deprivation rate by age and sex,A,Annual,PC,Percentage,Y_GE18,18 years or over,T,Total,MT,Malta,2019,,3.4,,,,,
dataflow,ESTAT:ILC_MDDD11(1.0),Severe material deprivation rate by age and sex,A,Annual,PC,Percentage,Y_GE18,18 years or over,T,Total,MT,Malta,2020,,3.2,,,,,
dataflow,ESTAT:ILC_MDDD11(1.0),Severe material deprivation rate by age and sex,A,Annual,PC,Percentage,Y_GE18,18 years or over,T,Total,NL,Netherlands,2009,,1.4,,,,,
dataflow,ESTAT:ILC_MDDD11(1.0),Severe material deprivation rate by age and sex,A,Annual,PC,Percentage,Y_GE18,18 years or over,T,Total,NL,Netherlands,2010,,2.3,,,,,
dataflow,ESTAT:ILC_MDDD11(1.0),Severe material deprivation rate by age and sex,A,Annual,PC,Percentage,Y_GE18,18 years or over,T,Total,NL,Netherlands,2011,,2.3,,,,,
dataflow,ESTAT:ILC_MDDD11(1.0),Severe material deprivation rate by age and sex,A,Annual,PC,Percentage,Y_GE18,18 years or over,T,Total,NL,Netherlands,2012,,2.1,,,,,
dataflow,ESTAT:ILC_MDDD11(1.0),Severe material deprivation rate by age and sex,A,Annual,PC,Percentage,Y_GE18,18 years or over,T,Total,NL,Netherlands,2013,,2.6,,,,,
dataflow,ESTAT:ILC_MDDD11(1.0),Severe material deprivation rate by age and sex,A,Annual,PC,Percentage,Y_GE18,18 years or over,T,Total,NL,Netherlands,2014,,3.0,,,,,
dataflow,ESTAT:ILC_MDDD11(1.0),Severe material deprivation rate by age and sex,A,Annual,PC,Percentage,Y_GE18,18 years or over,T,Total,NL,Netherlands,2015,,2.6,,,,,
dataflow,ESTAT:ILC_MDDD11(1.0),Severe material deprivation rate by age and sex,A,Annual,PC,Percentage,Y_GE18,18 years or over,T,Total,NL,Netherlands,2016,,2.6,,b,break in time series,,
dataflow,ESTAT:ILC_MDDD11(1.0),Severe material deprivation rate by age and sex,A,Annual,PC,Percentage,Y_GE18,18 years or over,T,Total,NL,Netherlands,2017,,2.6,,,,,
dataflow,ESTAT:ILC_MDDD11(1.0),Severe material deprivation rate by age and sex,A,Annual,PC,Percentage,Y_GE18,18 years or over,T,Total,NL,Netherlands,2018,,2.4,,,,,
dataflow,ESTAT:ILC_MDDD11(1.0),Severe material deprivation rate by age and sex,A,Annual,PC,Percentage,Y_GE18,18 years or over,T,Total,NL,Netherlands,2019,,2.5,,,,,
dataflow,ESTAT:ILC_MDDD11(1.0),Severe material deprivation rate by age and sex,A,Annual,PC,Percentage,Y_GE18,18 years or over,T,Total,NL,Netherlands,2020,,2.0,,,,,
dataflow,ESTAT:ILC_MDDD11(1.0),Severe material deprivation rate by age and sex,A,Annual,PC,Percentage,Y_GE18,18 years or over,T,Total,PL,Poland,2009,,14.9,,,,,
dataflow,ESTAT:ILC_MDDD11(1.0),Severe material deprivation rate by age and sex,A,Annual,PC,Percentage,Y_GE18,18 years or over,T,Total,PL,Poland,2010,,14.1,,,,,
dataflow,ESTAT:ILC_MDDD11(1.0),Severe material deprivation rate by age and sex,A,Annual,PC,Percentage,Y_GE18,18 years or over,T,Total,PL,Poland,2011,,13.0,,,,,
dataflow,ESTAT:ILC_MDDD11(1.0),Severe material deprivation rate by age and sex,A,Annual,PC,Percentage,Y_GE18,18 years or over,T,Total,PL,Poland,2012,,13.4,,,,,
dataflow,ESTAT:ILC_MDDD11(1.0),Severe material deprivation rate by age and sex,A,Annual,PC,Percentage,Y_GE18,18 years or over,T,Total,PL,Poland,2013,,11.9,,,,,
dataflow,ESTAT:ILC_MDDD11(1.0),Severe material deprivation rate by age and sex,A,Annual,PC,Percentage,Y_GE18,18 years or over,T,Total,PL,Poland,2014,,10.4,,,,,
dataflow,ESTAT:ILC_MDDD11(1.0),Severe material deprivation rate by age and sex,A,Annual,PC,Percentage,Y_GE18,18 years or over,T,Total,PL,Poland,2015,,8.2,,,,,
dataflow,ESTAT:ILC_MDDD11(1.0),Severe material deprivation rate by age and sex,A,Annual,PC,Percentage,Y_GE18,18 years or over,T,Total,PL,Poland,2016,,6.9,,,,,
dataflow,ESTAT:ILC_MDDD11(1.0),Severe material deprivation rate by age and sex,A,Annual,PC,Percentage,Y_GE18,18 years or over,T,Total,PL,Poland,2017,,6.2,,,,,
dataflow,ESTAT:ILC_MDDD11(1.0),Severe material deprivation rate by age and sex,A,Annual,PC,Percentage,Y_GE18,18 years or over,T,Total,PL,Poland,2018,,5.0,,,,,
dataflow,ESTAT:ILC_MDDD11(1.0),Severe material deprivation rate by age and sex,A,Annual,PC,Percentage,Y_GE18,18 years or over,T,Total,PL,Poland,2019,,3.8,,,,,
dataflow,ESTAT:ILC_MDDD11(1.0),Severe material deprivation rate by age and sex,A,Annual,PC,Percentage,Y_GE18,18 years or over,T,Total,PL,Poland,2020,,2.7,,,,,
dataflow,ESTAT:ILC_MDDD11(1.0),Severe material deprivation rate by age and sex,A,Annual,PC,Percentage,Y_GE18,18 years or over,T,Total,PT,Portugal,2009,,8.8,,,,,
dataflow,ESTAT:ILC_MDDD11(1.0),Severe material deprivation rate by age and sex,A,Annual,PC,Percentage,Y_GE18,18 years or over,T,Total,PT,Portugal,2010,,8.6,,,,,
dataflow,ESTAT:ILC_MDDD11(1.0),Severe material deprivation rate by age and sex,A,Annual,PC,Percentage,Y_GE18,18 years or over,T,Total,PT,Portugal,2011,,7.6,,,,,
dataflow,ESTAT:ILC_MDDD11(1.0),Severe material deprivation rate by age and sex,A,Annual,PC,Percentage,Y_GE18,18 years or over,T,Total,PT,Portugal,2012,,8.3,,,,,
dataflow,ESTAT:ILC_MDDD11(1.0),Severe material deprivation rate by age and sex,A,Annual,PC,Percentage,Y_GE18,18 years or over,T,Total,PT,Portugal,2013,,10.3,,,,,
dataflow,ESTAT:ILC_MDDD11(1.0),Severe material deprivation rate by age and sex,A,Annual,PC,Percentage,Y_GE18,18 years or over,T,Total,PT,Portugal,2014,,10.1,,,,,
dataflow,ESTAT:ILC_MDDD11(1.0),Severe material deprivation rate by age and sex,A,Annual,PC,Percentage,Y_GE18,18 years or over,T,Total,PT,Portugal,2015,,9.3,,,,,
dataflow,ESTAT:ILC_MDDD11(1.0),Severe material deprivation rate by age and sex,A,Annual,PC,Percentage,Y_GE18,18 years or over,T,Total,PT,Portugal,2016,,8.1,,,,,
dataflow,ESTAT:ILC_MDDD11(1.0),Severe material deprivation rate by age and sex,A,Annual,PC,Percentage,Y_GE18,18 years or over,T,Total,PT,Portugal,2017,,6.8,,,,,
dataflow,ESTAT:ILC_MDDD11(1.0),Severe material deprivation rate by age and sex,A,Annual,PC,Percentage,Y_GE18,18 years or over,T,Total,PT,Portugal,2018,,6.0,,,,,
dataflow,ESTAT:ILC_MDDD11(1.0),Severe material deprivation rate by age and sex,A,Annual,PC,Percentage,Y_GE18,18 years or over,T,Total,PT,Portugal,2019,,5.6,,,,,
dataflow,ESTAT:ILC_MDDD11(1.0),Severe material deprivation rate by age and sex,A,Annual,PC,Percentage,Y_GE18,18 years or over,T,Total,PT,Portugal,2020,,4.7,,,,,
dataflow,ESTAT:ILC_MDDD11(1.0),Severe material deprivation rate by age and sex,A,Annual,PC,Percentage,Y_GE18,18 years or over,T,Total,RO,Romania,2009,,30.5,,,,,
dataflow,ESTAT:ILC_MDDD11(1.0),Severe material deprivation rate by age and sex,A,Annual,PC,Percentage,Y_GE18,18 years or over,T,Total,RO,Romania,2010,,29.2,,,,,
dataflow,ESTAT:ILC_MDDD11(1.0),Severe material deprivation rate by age and sex,A,Annual,PC,Percentage,Y_GE18,18 years or over,T,Total,RO,Romania,2011,,28.1,,,,,
dataflow,ESTAT:ILC_MDDD11(1.0),Severe material deprivation rate by age and sex,A,Annual,PC,Percentage,Y_GE18,18 years or over,T,Total,RO,Romania,2012,,29.2,,,,,
dataflow,ESTAT:ILC_MDDD11(1.0),Severe material deprivation rate by age and sex,A,Annual,PC,Percentage,Y_GE18,18 years or over,T,Total,RO,Romania,2013,,28.2,,,,,
dataflow,ESTAT:ILC_MDDD11(1.0),Severe material deprivation rate by age and sex,A,Annual,PC,Percentage,Y_GE18,18 years or over,T,Total,RO,Romania,2014,,24.7,,,,,
dataflow,ESTAT:ILC_MDDD11(1.0),Severe material deprivation rate by age and sex,A,Annual,PC,Percentage,Y_GE18,18 years or over,T,Total,RO,Romania,2015,,21.3,,,,,
dataflow,ESTAT:ILC_MDDD11(1.0),Severe material deprivation rate by age and sex,A,Annual,PC,Percentage,Y_GE18,18 years or over,T,Total,RO,Romania,2016,,22.2,,,,,
dataflow,ESTAT:ILC_MDDD11(1.0),Severe material deprivation rate by age and sex,A,Annual,PC,Percentage,Y_GE18,18 years or over,T,Total,RO,Romania,2017,,19.2,,,,,
dataflow,ESTAT:ILC_MDDD11(1.0),Severe material deprivation rate by age and sex,A,Annual,PC,Percentage,Y_GE18,18 years or over,T,Total,RO,Romania,2018,,16.1,,,,,
dataflow,ESTAT:ILC_MDDD11(1.0),Severe material deprivation rate by age and sex,A,Annual,PC,Percentage,Y_GE18,18 years or over,T,Total,RO,Romania,2019,,13.8,,,,,
dataflow,ESTAT:ILC_MDDD11(1.0),Severe material deprivation rate by age and sex,A,Annual,PC,Percentage,Y_GE18,18 years or over,T,Total,RO,Romania,2020,,13.8,,,,,
dataflow,ESTAT:ILC_MDDD11(1.0),Severe material deprivation rate by age and sex,A,Annual,PC,Percentage,Y_GE18,18 years or over,T,Total,SE,Sweden,2009,,2.0,,,,,
dataflow,ESTAT:ILC_MDDD11(1.0),Severe material deprivation rate by age and sex,A,Annual,PC,Percentage,Y_GE18,18 years or over,T,Total,SE,Sweden,2010,,1.9,,,,,
dataflow,ESTAT:ILC_MDDD11(1.0),Severe material deprivation rate by age and sex,A,Annual,PC,Percentage,Y_GE18,18 years or over,T,Total,SE,Sweden,2011,,1.6,,,,,
dataflow,ESTAT:ILC_MDDD11(1.0),Severe material deprivation rate by age and sex,A,Annual,PC,Percentage,Y_GE18,18 years or over,T,Total,SE,Sweden,2012,,1.7,,,,,
dataflow,ESTAT:ILC_MDDD11(1.0),Severe material deprivation rate by age and sex,A,Annual,PC,Percentage,Y_GE18,18 years or over,T,Total,SE,Sweden,2013,,1.7,,,,,
dataflow,ESTAT:ILC_MDDD11(1.0),Severe material deprivation rate by age and sex,A,Annual,PC,Percentage,Y_GE18,18 years or over,T,Total,SE,Sweden,2014,,0.9,,,,,
dataflow,ESTAT:ILC_MDDD11(1.0),Severe material deprivation rate by age and sex,A,Annual,PC,Percentage,Y_GE18,18 years or over,T,Total,SE,Sweden,2015,,1.1,,,,,
dataflow,ESTAT:ILC_MDDD11(1.0),Severe material deprivation rate by age and sex,A,Annual,PC,Percentage,Y_GE18,18 years or over,T,Total,SE,Sweden,2016,,0.8,,,,,
dataflow,ESTAT:ILC_MDDD11(1.0),Severe material deprivation rate by age and sex,A,Annual,PC,Percentage,Y_GE18,18 years or over,T,Total,SE,Sweden,2017,,1.2,,,,,
dataflow,ESTAT:ILC_MDDD11(1.0),Severe material deprivation rate by age and sex,A,Annual,PC,Percentage,Y_GE18,18 years or over,T,Total,SE,Sweden,2018,,1.4,,,,,
dataflow,ESTAT:ILC_MDDD11(1.0),Severe material deprivation rate by age and sex,A,Annual,PC,Percentage,Y_GE18,18 years or over,T,Total,SE,Sweden,2019,,1.4,,,,,
dataflow,ESTAT:ILC_MDDD11(1.0),Severe material deprivation rate by age and sex,A,Annual,PC,Percentage,Y_GE18,18 years or over,T,Total,SE,Sweden,2020,,1.5,,,,,
dataflow,ESTAT:ILC_MDDD11(1.0),Severe material deprivation rate by age and sex,A,Annual,PC,Percentage,Y_GE18,18 years or over,T,Total,SI,Slovenia,2009,,6.2,,,,,
dataflow,ESTAT:ILC_MDDD11(1.0),Severe material deprivation rate by age and sex,A,Annual,PC,Percentage,Y_GE18,18 years or over,T,Total,SI,Slovenia,2010,,6.1,,,,,
dataflow,ESTAT:ILC_MDDD11(1.0),Severe material deprivation rate by age and sex,A,Annual,PC,Percentage,Y_GE18,18 years or over,T,Total,SI,Slovenia,2011,,6.3,,,,,
dataflow,ESTAT:ILC_MDDD11(1.0),Severe material deprivation rate by age and sex,A,Annual,PC,Percentage,Y_GE18,18 years or over,T,Total,SI,Slovenia,2012,,6.8,,,,,
dataflow,ESTAT:ILC_MDDD11(1.0),Severe material deprivation rate by age and sex,A,Annual,PC,Percentage,Y_GE18,18 years or over,T,Total,SI,Slovenia,2013,,6.8,,,,,
dataflow,ESTAT:ILC_MDDD11(1.0),Severe material deprivation rate by age and sex,A,Annual,PC,Percentage,Y_GE18,18 years or over,T,Total,SI,Slovenia,2014,,7.1,,,,,
dataflow,ESTAT:ILC_MDDD11(1.0),Severe material deprivation rate by age and sex,A,Annual,PC,Percentage,Y_GE18,18 years or over,T,Total,SI,Slovenia,2015,,6.0,,,,,
dataflow,ESTAT:ILC_MDDD11(1.0),Severe material deprivation rate by age and sex,A,Annual,PC,Percentage,Y_GE18,18 years or over,T,Total,SI,Slovenia,2016,,5.6,,,,,
dataflow,ESTAT:ILC_MDDD11(1.0),Severe material deprivation rate by age and sex,A,Annual,PC,Percentage,Y_GE18,18 years or over,T,Total,SI,Slovenia,2017,,4.9,,,,,
dataflow,ESTAT:ILC_MDDD11(1.0),Severe material deprivation rate by age and sex,A,Annual,PC,Percentage,Y_GE18,18 years or over,T,Total,SI,Slovenia,2018,,4.0,,,,,
dataflow,ESTAT:ILC_MDDD11(1.0),Severe material deprivation rate by age and sex,A,Annual,PC,Percentage,Y_GE18,18 years or over,T,Total,SI,Slovenia,2019,,2.7,,,,,
dataflow,ESTAT:ILC_MDDD11(1.0),Severe material deprivation rate by age and sex,A,Annual,PC,Percentage,Y_GE18,18 years or over,T,Total,SI,Slovenia,2020,,3.2,,,,,
dataflow,ESTAT:ILC_MDDD11(1.0),Severe material deprivation rate by age and sex,A,Annual,PC,Percentage,Y_GE18,18 years or over,T,Total,SK,Slovakia,2009,,10.8,,,,,
dataflow,ESTAT:ILC_MDDD11(1.0),Severe material deprivation rate by age and sex,A,Annual,PC,Percentage,Y_GE18,18 years or over,T,Total,SK,Slovakia,2010,,11.0,,,,,
dataflow,ESTAT:ILC_MDDD11(1.0),Severe material deprivation rate by age and sex,A,Annual,PC,Percentage,Y_GE18,18 years or over,T,Total,SK,Slovakia,2011,,10.2,,,,,
dataflow,ESTAT:ILC_MDDD11(1.0),Severe material deprivation rate by age and sex,A,Annual,PC,Percentage,Y_GE18,18 years or over,T,Total,SK,Slovakia,2012,,10.2,,,,,
dataflow,ESTAT:ILC_MDDD11(1.0),Severe material deprivation rate by age and sex,A,Annual,PC,Percentage,Y_GE18,18 years or over,T,Total,SK,Slovakia,2013,,9.6,,,,,
dataflow,ESTAT:ILC_MDDD11(1.0),Severe material deprivation rate by age and sex,A,Annual,PC,Percentage,Y_GE18,18 years or over,T,Total,SK,Slovakia,2014,,9.3,,,,,
dataflow,ESTAT:ILC_MDDD11(1.0),Severe material deprivation rate by age and sex,A,Annual,PC,Percentage,Y_GE18,18 years or over,T,Total,SK,Slovakia,2015,,8.5,,,,,
dataflow,ESTAT:ILC_MDDD11(1.0),Severe material deprivation rate by age and sex,A,Annual,PC,Percentage,Y_GE18,18 years or over,T,Total,SK,Slovakia,2016,,7.9,,,,,
dataflow,ESTAT:ILC_MDDD11(1.0),Severe material deprivation rate by age and sex,A,Annual,PC,Percentage,Y_GE18,18 years or over,T,Total,SK,Slovakia,2017,,6.6,,,,,
dataflow,ESTAT:ILC_MDDD11(1.0),Severe material deprivation rate by age and sex,A,Annual,PC,Percentage,Y_GE18,18 years or over,T,Total,SK,Slovakia,2018,,6.6,,,,,
dataflow,ESTAT:ILC_MDDD11(1.0),Severe material deprivation rate by age and sex,A,Annual,PC,Percentage,Y_GE18,18 years or over,T,Total,SK,Slovakia,2019,,7.7,,,,,
dataflow,ESTAT:ILC_MDDD11(1.0),Severe material deprivation rate by age and sex,A,Annual,PC,Percentage,Y_GE18,18 years or over,T,Total,SK,Slovakia,2020,,5.8,,,,,
