STRUCTURE,STRUCTURE_ID,STRUCTURE_NAME,freq,Time frequency,sex,Sex,age,Age class,unit,Unit of measure,geo,Geopolitical entity (reporting),TIME_PERIOD,Time,OBS_VALUE,Observation value,OBS_FLAG,Observation status (Flag) V2 structure,CONF_STATUS,Confidentiality status (flag)
dataflow,ESTAT:TIPSUN20(1.0),Unemployment rate - annual data,A,Annual,T,Total,Y25-74,From 25 to 74 years,PC_ACT,Percentage of population in the labour force,AT,Austria,2009,,4.7,,,,,
dataflow,ESTAT:TIPSUN20(1.0),Unemployment rate - annual data,A,Annual,T,Total,Y25-74,From 25 to 74 years,PC_ACT,Percentage of population in the labour force,AT,Austria,2010,,4.4,,,,,
dataflow,ESTAT:TIPSUN20(1.0),Unemployment rate - annual data,A,Annual,T,Total,Y25-74,From 25 to 74 years,PC_ACT,Percentage of population in the labour force,AT,Austria,2011,,4.2,,,,,
dataflow,ESTAT:TIPSUN20(1.0),Unemployment rate - annual data,A,Annual,T,Total,Y25-74,From 25 to 74 years,PC_ACT,Percentage of population in the labour force,AT,Austria,2012,,4.5,,,,,
dataflow,ESTAT:TIPSUN20(1.0),Unemployment rate - annual data,A,Annual,T,Total,Y25-74,From 25 to 74 years,PC_ACT,Percentage of population in the labour force,AT,Austria,2013,,5.0,,,,,
dataflow,ESTAT:TIPSUN20(1.0),Unemployment rate - annual data,A,Annual,T,Total,Y25-74,From 25 to 74 years,PC_ACT,Percentage of population in the labour force,AT,Austria,2014,,5.3,,,,,
dataflow,ESTAT:TIPSUN20(1.0),Unemployment rate - annual data,A,Annual,T,Total,Y25-74,From 25 to 74 years,PC_ACT,Percentage of population in the labour force,AT,Austria,2015,,5.4,,,,,
dataflow,ESTAT:TIPSUN20(1.0),Unemployment rate - annual data,A,Annual,T,Total,Y25-74,From 25 to 74 years,PC_ACT,Percentage of population in the labour force,AT,Austria,2016,,5.7,,,,,
dataflow,ESTAT:TIPSUN20(1.0),Unemployment rate - annual data,A,Annual,T,Total,Y25-74,From 25 to 74 years,PC_ACT,Percentage of population in the labour force,AT,Austria,2017,,5.3,,,,,
dataflow,ESTAT:TIPSUN20(1.0),Unemployment rate - annual data,A,Annual,T,Total,Y25-74,From 25 to 74 years,PC_ACT,Percentage of population in the labour force,AT,Austria,2018,,4.6,,,,,
dataflow,ESTAT:TIPSUN20(1.0),Unemployment rate - annual data,A,Annual,T,Total,Y25-74,From 25 to 74 years,PC_ACT,Percentage of population in the labour force,AT,Austria,2019,,4.3,,,,,
dataflow,ESTAT:TIPSUN20(1.0),Unemployment rate - annual data,A,Annual,T,Total,Y25-74,From 25 to 74 years,PC_ACT,Percentage of population in the labour force,AT,Austria,2020,,5.3,,,,,
dataflow,ESTAT:TIPSUN20(1.0),Unemployment rate - annual data,A,Annual,T,Total,Y25-74,From 25 to 74 years,PC_ACT,Percentage of population in the labour force,BE,Belgium,2009,,6.6,,,,,
dataflow,ESTAT:TIPSUN20(1.0),Unemployment rate - annual data,A,Annual,T,Total,Y25-74,From 25 to 74 years,PC_ACT,Percentage of population in the labour force,BE,Belgium,2010,,7.0,,,,,
dataflow,ESTAT:TIPSUN20(1.0),Unemployment rate - annual data,A,Annual,T,Total,Y25-74,From 25 to 74 years,PC_ACT,Percentage of population in the labour force,BE,Belgium,2011,,6.1,,,,,
dataflow,ESTAT:TIPSUN20(1.0),Unemployment rate - annual data,A,Annual,T,Total,Y25-74,From 25 to 74 years,PC_ACT,Percentage of population in the labour force,BE,Belgium,2012,,6.5,,,,,
dataflow,ESTAT:TIPSUN20(1.0),Unemployment rate - annual data,A,Annual,T,Total,Y25-74,From 25 to 74 years,PC_ACT,Percentage of population in the labour force,BE,Belgium,2013,,7.2,,,,,
dataflow,ESTAT:TIPSUN20(1.0),Unemployment rate - annual data,A,Annual,T,Total,Y25-74,From 25 to 74 years,PC_ACT,Percentage of population in the labour force,BE,Belgium,2014,,7.4,,,,,
dataflow,ESTAT:TIPSUN20(1.0),Unemployment rate - annual data,A,Annual,T,Total,Y25-74,From 25 to 74 years,PC_ACT,Percentage of population in the labour force,BE,Belgium,2015,,7.5,,,,,
dataflow,ESTAT:TIPSUN20(1.0),Unemployment rate - annual data,A,Annual,T,Total,Y25-74,From 25 to 74 years,PC_ACT,Percentage of population in the labour force,BE,Belgium,2016,,6.9,,,,,
dataflow,ESTAT:TIPSUN20(1.0),Unemployment rate - annual data,A,Annual,T,Total,Y25-74,From 25 to 74 years,PC_ACT,Percentage of population in the labour force,BE,Belgium,2017,,6.2,,b,break in time series,,
dataflow,ESTAT:TIPSUN20(1.0),Unemployment rate - annual data,A,Annual,T,Total,Y25-74,From 25 to 74 years,PC_ACT,Percentage of population in the labour force,BE,Belgium,2018,,5.2,,,,,
dataflow,ESTAT:TIPSUN20(1.0),Unemployment rate - annual data,A,Annual,T,Total,Y25-74,From 25 to 74 years,PC_ACT,Percentage of population in the labour force,BE,Belgium,2019,,4.7,,,,,
dataflow,ESTAT:TIPSUN20(1.0),Unemployment rate - annual data,A,Annual,T,Total,Y25-74,From 25 to 74 years,PC_ACT,Percentage of population in the labour force,BE,Belgium,2020,,5.0,,,,,
dataflow,ESTAT:TIPSUN20(1.0),Unemployment rate - annual data,A,Annual,T,Total,Y25-74,From 25 to 74 years,PC_ACT,Percentage of population in the labour force,BG,Bulgaria,2009,,6.9,,,,,
dataflow,ESTAT:TIPSUN20(1.0),Unemployment rate - annual data,A,Annual,T,Total,Y25-74,From 25 to 74 years,PC_ACT,Percentage of population in the labour force,BG,Bulgaria,2010,,10.1,,b,break in time series,,
dataflow,ESTAT:TIPSUN20(1.0),Unemployment rate - annual data,A,Annual,T,Total,Y25-74,From 25 to 74 years,PC_ACT,Percentage of population in the labour force,BG,Bulgaria,2011,,11.0,,b,break in time series,,
dataflow,ESTAT:TIPSUN20(1.0),Unemployment rate - annual data,A,Annual,T,Total,Y25-74,From 25 to 74 years,PC_ACT,Percentage of population in the labour force,BG,Bulgaria,2012,,11.9,,,,,
dataflow,ESTAT:TIPSUN20(1.0),Unemployment rate - annual data,A,Annual,T,Total,Y25-74,From 25 to 74 years,PC_ACT,Percentage of population in the labour force,BG,Bulgaria,2013,,12.7,,,,,
dataflow,ESTAT:TIPSUN20(1.0),Unemployment rate - annual data,A,Annual,T,Total,Y25-74,From 25 to 74 years,PC_ACT,Percentage of population in the labour force,BG,Bulgaria,2014,,11.5,,,,,
dataflow,ESTAT:TIPSUN20(1.0),Unemployment rate - annual data,A,Annual,T,Total,Y25-74,From 25 to 74 years,PC_ACT,Percentage of population in the labour force,BG,Bulgaria,2015,,9.3,,,,,
dataflow,ESTAT:TIPSUN20(1.0),Unemployment rate - annual data,A,Annual,T,Total,Y25-74,From 25 to 74 years,PC_ACT,Percentage of population in the labour force,BG,Bulgaria,2016,,8.0,,,,,
dataflow,ESTAT:TIPSUN20(1.0),Unemployment rate - annual data,A,Annual,T,Total,Y25-74,From 25 to 74 years,PC_ACT,Percentage of population in the labour force,BG,Bulgaria,2017,,6.7,,,,,
dataflow,ESTAT:TIPSUN20(1.0),Unemployment rate - annual data,A,Annual,T,Total,Y25-74,From 25 to 74 years,PC_ACT,Percentage of population in the labour force,BG,Bulgaria,2018,,5.8,,,,,
dataflow,ESTAT:TIPSUN20(1.0),Unemployment rate - annual data,A,Annual,T,Total,Y25-74,From 25 to 74 years,PC_ACT,Percentage of population in the labour force,BG,Bulgaria,2019,,4.9,,b,break in time series,,
dataflow,ESTAT:TIPSUN20(1.0),Unemployment rate - annual data,A,Annual,T,Total,Y25-74,From 25 to 74 years,PC_ACT,Percentage of population in the labour force,BG,Bulgaria,2020,,5.6,,,,,
dataflow,ESTAT:TIPSUN20(1.0),Unemployment rate - annual data,A,Annual,T,Total,Y25-74,From 25 to 74 years,PC_ACT,Percentage of population in the labour force,CY,Cyprus,2009,,4.4,,,,,
dataflow,ESTAT:TIPSUN20(1.0),Unemployment rate - annual data,A,Annual,T,Total,Y25-74,From 25 to 74 years,PC_ACT,Percentage of population in the labour force,CY,Cyprus,2010,,5.1,,,,,
dataflow,ESTAT:TIPSUN20(1.0),Unemployment rate - annual data,A,Annual,T,Total,Y25-74,From 25 to 74 years,PC_ACT,Percentage of population in the labour force,CY,Cyprus,2011,,6.4,,,,,
dataflow,ESTAT:TIPSUN20(1.0),Unemployment rate - annual data,A,Annual,T,Total,Y25-74,From 25 to 74 years,PC_ACT,Percentage of population in the labour force,CY,Cyprus,2012,,10.2,,,,,
dataflow,ESTAT:TIPSUN20(1.0),Unemployment rate - annual data,A,Annual,T,Total,Y25-74,From 25 to 74 years,PC_ACT,Percentage of population in the labour force,CY,Cyprus,2013,,13.6,,,,,
dataflow,ESTAT:TIPSUN20(1.0),Unemployment rate - annual data,A,Annual,T,Total,Y25-74,From 25 to 74 years,PC_ACT,Percentage of population in the labour force,CY,Cyprus,2014,,14.0,,,,,
dataflow,ESTAT:TIPSUN20(1.0),Unemployment rate - annual data,A,Annual,T,Total,Y25-74,From 25 to 74 years,PC_ACT,Percentage of population in the labour force,CY,Cyprus,2015,,13.2,,,,,
dataflow,ESTAT:TIPSUN20(1.0),Unemployment rate - annual data,A,Annual,T,Total,Y25-74,From 25 to 74 years,PC_ACT,Percentage of population in the labour force,CY,Cyprus,2016,,11.5,,,,,
dataflow,ESTAT:TIPSUN20(1.0),Unemployment rate - annual data,A,Annual,T,Total,Y25-74,From 25 to 74 years,PC_ACT,Percentage of population in the labour force,CY,Cyprus,2017,,9.9,,,,,
dataflow,ESTAT:TIPSUN20(1.0),Unemployment rate - annual data,A,Annual,T,Total,Y25-74,From 25 to 74 years,PC_ACT,Percentage of population in the labour force,CY,Cyprus,2018,,7.3,,,,,
dataflow,ESTAT:TIPSUN20(1.0),Unemployment rate - annual data,A,Annual,T,Total,Y25-74,From 25 to 74 years,PC_ACT,Percentage of population in the labour force,CY,Cyprus,2019,,6.4,,,,,
dataflow,ESTAT:TIPSUN20(1.0),Unemployment rate - annual data,A,Annual,T,Total,Y25-74,From 25 to 74 years,PC_ACT,Percentage of population in the labour force,CY,Cyprus,2020,,6.9,,,,,
dataflow,ESTAT:TIPSUN20(1.0),Unemployment rate - annual data,A,Annual,T,Total,Y25-74,From 25 to 74 years,PC_ACT,Percentage of population in the labour force,CZ,Czechia,2009,,5.8,,,,,
dataflow,ESTAT:TIPSUN20(1.0),Unemployment rate - annual data,A,Annual,T,Total,Y25-74,From 25 to 74 years,PC_ACT,Percentage of population in the labour force,CZ,Czechia,2010,,6.4,,,,,
dataflow,ESTAT:TIPSUN20(1.0),Unemployment rate - annual data,A,Annual,T,Total,Y25-74,From 25 to 74 years,PC_ACT,Percentage of population in the labour force,CZ,Czechia,2011,,5.9,,b,break in time series,,
dataflow,ESTAT:TIPSUN20(1.0),Unemployment rate - annual data,A,Annual,T,Total,Y25-74,From 25 to 74 years,PC_ACT,Percentage of population in the labour force,CZ,Czechia,2012,,6.0,,,,,
dataflow,ESTAT:TIPSUN20(1.0),Unemployment rate - annual data,A,Annual,T,Total,Y25-74,From 25 to 74 years,PC_ACT,Percentage of population in the labour force,CZ,Czechia,2013,,6.1,,,,,
dataflow,ESTAT:TIPSUN20(1.0),Unemployment rate - annual data,A,Annual,T,Total,Y25-74,From 25 to 74 years,PC_ACT,Percentage of population in the labour force,CZ,Czechia,2014,,5.4,,,,,
dataflow,ESTAT:TIPSUN20(1.0),Unemployment rate - annual data,A,Annual,T,Total,Y25-74,From 25 to 74 years,PC_ACT,Percentage of population in the labour force,CZ,Czechia,2015,,4.5,,,,,
dataflow,ESTAT:TIPSUN20(1.0),Unemployment rate - annual data,A,Annual,T,Total,Y25-74,From 25 to 74 years,PC_ACT,Percentage of population in the labour force,CZ,Czechia,2016,,3.5,,,,,
dataflow,ESTAT:TIPSUN20(1.0),Unemployment rate - annual data,A,Annual,T,Total,Y25-74,From 25 to 74 years,PC_ACT,Percentage of population in the labour force,CZ,Czechia,2017,,2.6,,,,,
dataflow,ESTAT:TIPSUN20(1.0),Unemployment rate - annual data,A,Annual,T,Total,Y25-74,From 25 to 74 years,PC_ACT,Percentage of population in the labour force,CZ,Czechia,2018,,2.0,,,,,
dataflow,ESTAT:TIPSUN20(1.0),Unemployment rate - annual data,A,Annual,T,Total,Y25-74,From 25 to 74 years,PC_ACT,Percentage of population in the labour force,CZ,Czechia,2019,,1.8,,,,,
dataflow,ESTAT:TIPSUN20(1.0),Unemployment rate - annual data,A,Annual,T,Total,Y25-74,From 25 to 74 years,PC_ACT,Percentage of population in the labour force,CZ,Czechia,2020,,2.3,,,,,
dataflow,ESTAT:TIPSUN20(1.0),Unemployment rate - annual data,A,Annual,T,Total,Y25-74,From 25 to 74 years,PC_ACT,Percentage of population in the labour force,DE,Germany,2009,,6.7,,,,,
dataflow,ESTAT:TIPSUN20(1.0),Unemployment rate - annual data,A,Annual,T,Total,Y25-74,From 25 to 74 years,PC_ACT,Percentage of population in the labour force,DE,Germany,2010,,6.1,,b,break in time series,,
dataflow,ESTAT:TIPSUN20(1.0),Unemployment rate - annual data,A,Annual,T,Total,Y25-74,From 25 to 74 years,PC_ACT,Percentage of population in the labour force,DE,Germany,2011,,5.1,,b,break in time series,,
dataflow,ESTAT:TIPSUN20(1.0),Unemployment rate - annual data,A,Annual,T,Total,Y25-74,From 25 to 74 years,PC_ACT,Percentage of population in the labour force,DE,Germany,2012,,4.7,,,,,
dataflow,ESTAT:TIPSUN20(1.0),Unemployment rate - annual data,A,Annual,T,Total,Y25-74,From 25 to 74 years,PC_ACT,Percentage of population in the labour force,DE,Germany,2013,,4.5,,,,,
dataflow,ESTAT:TIPSUN20(1.0),Unemployment rate - annual data,A,Annual,T,Total,Y25-74,From 25 to 74 years,PC_ACT,Percentage of population in the labour force,DE,Germany,2014,,4.3,,,,,
dataflow,ESTAT:TIPSUN20(1.0),Unemployment rate - annual data,A,Annual,T,Total,Y25-74,From 25 to 74 years,PC_ACT,Percentage of population in the labour force,DE,Germany,2015,,4.0,,,,,
dataflow,ESTAT:TIPSUN20(1.0),Unemployment rate - annual data,A,Annual,T,Total,Y25-74,From 25 to 74 years,PC_ACT,Percentage of population in the labour force,DE,Germany,2016,,3.5,,,,,
dataflow,ESTAT:TIPSUN20(1.0),Unemployment rate - annual data,A,Annual,T,Total,Y25-74,From 25 to 74 years,PC_ACT,Percentage of population in the labour force,DE,Germany,2017,,3.1,,,,,
dataflow,ESTAT:TIPSUN20(1.0),Unemployment rate - annual data,A,Annual,T,Total,Y25-74,From 25 to 74 years,PC_ACT,Percentage of population in the labour force,DE,Germany,2018,,2.8,,,,,
dataflow,ESTAT:TIPSUN20(1.0),Unemployment rate - annual data,A,Annual,T,Total,Y25-74,From 25 to 74 years,PC_ACT,Percentage of population in the labour force,DE,Germany,2019,,2.6,,,,,
dataflow,ESTAT:TIPSUN20(1.0),Unemployment rate - annual data,A,Annual,T,Total,Y25-74,From 25 to 74 years,PC_ACT,Percentage of population in the labour force,DE,Germany,2020,,3.1,,b,break in time series,,
dataflow,ESTAT:TIPSUN20(1.0),Unemployment rate - annual data,A,Annual,T,Total,Y25-74,From 25 to 74 years,PC_ACT,Percentage of population in the labour force,DK,Denmark,2009,,5.1,,,,,
dataflow,ESTAT:TIPSUN20(1.0),Unemployment rate - annual data,A,Annual,T,Total,Y25-74,From 25 to 74 years,PC_ACT,Percentage of population in the labour force,DK,Denmark,2010,,6.4,,,,,
dataflow,ESTAT:TIPSUN20(1.0),Unemployment rate - annual data,A,Annual,T,Total,Y25-74,From 25 to 74 years,PC_ACT,Percentage of population in the labour force,DK,Denmark,2011,,6.2,,,,,
dataflow,ESTAT:TIPSUN20(1.0),Unemployment rate - annual data,A,Annual,T,Total,Y25-74,From 25 to 74 years,PC_ACT,Percentage of population in the labour force,DK,Denmark,2012,,6.4,,,,,
dataflow,ESTAT:TIPSUN20(1.0),Unemployment rate - annual data,A,Annual,T,Total,Y25-74,From 25 to 74 years,PC_ACT,Percentage of population in the labour force,DK,Denmark,2013,,6.1,,,,,
dataflow,ESTAT:TIPSUN20(1.0),Unemployment rate - annual data,A,Annual,T,Total,Y25-74,From 25 to 74 years,PC_ACT,Percentage of population in the labour force,DK,Denmark,2014,,5.7,,,,,
dataflow,ESTAT:TIPSUN20(1.0),Unemployment rate - annual data,A,Annual,T,Total,Y25-74,From 25 to 74 years,PC_ACT,Percentage of population in the labour force,DK,Denmark,2015,,5.3,,,,,
dataflow,ESTAT:TIPSUN20(1.0),Unemployment rate - annual data,A,Annual,T,Total,Y25-74,From 25 to 74 years,PC_ACT,Percentage of population in the labour force,DK,Denmark,2016,,4.9,,b,break in time series,,
dataflow,ESTAT:TIPSUN20(1.0),Unemployment rate - annual data,A,Annual,T,Total,Y25-74,From 25 to 74 years,PC_ACT,Percentage of population in the labour force,DK,Denmark,2017,,4.7,,b,break in time series,,
dataflow,ESTAT:TIPSUN20(1.0),Unemployment rate - annual data,A,Annual,T,Total,Y25-74,From 25 to 74 years,PC_ACT,Percentage of population in the labour force,DK,Denmark,2018,,4.2,,,,,
dataflow,ESTAT:TIPSUN20(1.0),Unemployment rate - annual data,A,Annual,T,Total,Y25-74,From 25 to 74 years,PC_ACT,Percentage of population in the labour force,DK,Denmark,2019,,4.2,,,,,
dataflow,ESTAT:TIPSUN20(1.0),Unemployment rate - annual data,A,Annual,T,Total,Y25-74,From 25 to 74 years,PC_ACT,Percentage of population in the labour force,DK,Denmark,2020,,4.7,,,,,
dataflow,ESTAT:TIPSUN20(1.0),Unemployment rate - annual data,A,Annual,T,Total,Y25-74,From 25 to 74 years,PC_ACT,Percentage of population in the labour force,EE,Estonia,2009,,11.9,,,,,
dataflow,ESTAT:TIPSUN20(1.0),Unemployment rate - annual data,A,Annual,T,Total,Y25-74,From 25 to 74 years,PC_ACT,Percentage of population in the labour force,EE,Estonia,2010,,14.8,,,,,
dataflow,ESTAT:TIPSUN20(1.0),Unemployment rate - annual data,A,Annual,T,Total,Y25-74,From 25 to 74 years,PC_ACT,Percentage of population in the labour force,EE,Estonia,2011,,11.2,,,,,
dataflow,ESTAT:TIPSUN20(1.0),Unemployment rate - annual data,A,Annual,T,Total,Y25-74,From 25 to 74 years,PC_ACT,Percentage of population in the labour force,EE,Estonia,2012,,8.8,,,,,
dataflow,ESTAT:TIPSUN20(1.0),Unemployment rate - annual data,A,Annual,T,Total,Y25-74,From 25 to 74 years,PC_ACT,Percentage of population in the labour force,EE,Estonia,2013,,7.6,,,,,
dataflow,ESTAT:TIPSUN20(1.0),Unemployment rate - annual data,A,Annual,T,Total,Y25-74,From 25 to 74 years,PC_ACT,Percentage of population in the labour force,EE,Estonia,2014,,6.6,,,,,
dataflow,ESTAT:TIPSUN20(1.0),Unemployment rate - annual data,A,Annual,T,Total,Y25-74,From 25 to 74 years,PC_ACT,Percentage of population in the labour force,EE,Estonia,2015,,5.7,,,,,
dataflow,ESTAT:TIPSUN20(1.0),Unemployment rate - annual data,A,Annual,T,Total,Y25-74,From 25 to 74 years,PC_ACT,Percentage of population in the labour force,EE,Estonia,2016,,6.2,,,,,
dataflow,ESTAT:TIPSUN20(1.0),Unemployment rate - annual data,A,Annual,T,Total,Y25-74,From 25 to 74 years,PC_ACT,Percentage of population in the labour force,EE,Estonia,2017,,5.2,,,,,
dataflow,ESTAT:TIPSUN20(1.0),Unemployment rate - annual data,A,Annual,T,Total,Y25-74,From 25 to 74 years,PC_ACT,Percentage of population in the labour force,EE,Estonia,2018,,4.8,,,,,
dataflow,ESTAT:TIPSUN20(1.0),Unemployment rate - annual data,A,Annual,T,Total,Y25-74,From 25 to 74 years,PC_ACT,Percentage of population in the labour force,EE,Estonia,2019,,3.9,,,,,
dataflow,ESTAT:TIPSUN20(1.0),Unemployment rate - annual data,A,Annual,T,Total,Y25-74,From 25 to 74 years,PC_ACT,Percentage of population in the labour force,EE,Estonia,2020,,6.0,,,,,
dataflow,ESTAT:TIPSUN20(1.0),Unemployment rate - annual data,A,Annual,T,Total,Y25-74,From 25 to 74 years,PC_ACT,Percentage of population in the labour force,EL,Greece,2009,,8.4,,,,,
dataflow,ESTAT:TIPSUN20(1.0),Unemployment rate - annual data,A,Annual,T,Total,Y25-74,From 25 to 74 years,PC_ACT,Percentage of population in the labour force,EL,Greece,2010,,11.3,,,,,
dataflow,ESTAT:TIPSUN20(1.0),Unemployment rate - annual data,A,Annual,T,Total,Y25-74,From 25 to 74 years,PC_ACT,Percentage of population in the labour force,EL,Greece,2011,,16.1,,,,,
dataflow,ESTAT:TIPSUN20(1.0),Unemployment rate - annual data,A,Annual,T,Total,Y25-74,From 25 to 74 years,PC_ACT,Percentage of population in the labour force,EL,Greece,2012,,22.5,,,,,
dataflow,ESTAT:TIPSUN20(1.0),Unemployment rate - annual data,A,Annual,T,Total,Y25-74,From 25 to 74 years,PC_ACT,Percentage of population in the labour force,EL,Greece,2013,,25.6,,,,,
dataflow,ESTAT:TIPSUN20(1.0),Unemployment rate - annual data,A,Annual,T,Total,Y25-74,From 25 to 74 years,PC_ACT,Percentage of population in the labour force,EL,Greece,2014,,24.8,,,,,
dataflow,ESTAT:TIPSUN20(1.0),Unemployment rate - annual data,A,Annual,T,Total,Y25-74,From 25 to 74 years,PC_ACT,Percentage of population in the labour force,EL,Greece,2015,,23.3,,,,,
dataflow,ESTAT:TIPSUN20(1.0),Unemployment rate - annual data,A,Annual,T,Total,Y25-74,From 25 to 74 years,PC_ACT,Percentage of population in the labour force,EL,Greece,2016,,22.4,,,,,
dataflow,ESTAT:TIPSUN20(1.0),Unemployment rate - annual data,A,Annual,T,Total,Y25-74,From 25 to 74 years,PC_ACT,Percentage of population in the labour force,EL,Greece,2017,,20.5,,,,,
dataflow,ESTAT:TIPSUN20(1.0),Unemployment rate - annual data,A,Annual,T,Total,Y25-74,From 25 to 74 years,PC_ACT,Percentage of population in the labour force,EL,Greece,2018,,18.5,,,,,
dataflow,ESTAT:TIPSUN20(1.0),Unemployment rate - annual data,A,Annual,T,Total,Y25-74,From 25 to 74 years,PC_ACT,Percentage of population in the labour force,EL,Greece,2019,,16.8,,,,,
dataflow,ESTAT:TIPSUN20(1.0),Unemployment rate - annual data,A,Annual,T,Total,Y25-74,From 25 to 74 years,PC_ACT,Percentage of population in the labour force,EL,Greece,2020,,16.6,,,,,
dataflow,ESTAT:TIPSUN20(1.0),Unemployment rate - annual data,A,Annual,T,Total,Y25-74,From 25 to 74 years,PC_ACT,Percentage of population in the labour force,ES,Spain,2009,,15.7,,,,,
dataflow,ESTAT:TIPSUN20(1.0),Unemployment rate - annual data,A,Annual,T,Total,Y25-74,From 25 to 74 years,PC_ACT,Percentage of population in the labour force,ES,Spain,2010,,17.8,,,,,
dataflow,ESTAT:TIPSUN20(1.0),Unemployment rate - annual data,A,Annual,T,Total,Y25-74,From 25 to 74 years,PC_ACT,Percentage of population in the labour force,ES,Spain,2011,,19.2,,,,,
dataflow,ESTAT:TIPSUN20(1.0),Unemployment rate - annual data,A,Annual,T,Total,Y25-74,From 25 to 74 years,PC_ACT,Percentage of population in the labour force,ES,Spain,2012,,22.5,,,,,
dataflow,ESTAT:TIPSUN20(1.0),Unemployment rate - annual data,A,Annual,T,Total,Y25-74,From 25 to 74 years,PC_ACT,Percentage of population in the labour force,ES,Spain,2013,,23.8,,,,,
dataflow,ESTAT:TIPSUN20(1.0),Unemployment rate - annual data,A,Annual,T,Total,Y25-74,From 25 to 74 years,PC_ACT,Percentage of population in the labour force,ES,Spain,2014,,22.3,,,,,
dataflow,ESTAT:TIPSUN20(1.0),Unemployment rate - annual data,A,Annual,T,Total,Y25-74,From 25 to 74 years,PC_ACT,Percentage of population in the labour force,ES,Spain,2015,,20.2,,,,,
dataflow,ESTAT:TIPSUN20(1.0),Unemployment rate - annual data,A,Annual,T,Total,Y25-74,From 25 to 74 years,PC_ACT,Percentage of population in the labour force,ES,Spain,2016,,17.9,,,,,
dataflow,ESTAT:TIPSUN20(1.0),Unemployment rate - annual data,A,Annual,T,Total,Y25-74,From 25 to 74 years,PC_ACT,Percentage of population in the labour force,ES,Spain,2017,,15.7,,,,,
dataflow,ESTAT:TIPSUN20(1.0),Unemployment rate - annual data,A,Annual,T,Total,Y25-74,From 25 to 74 years,PC_ACT,Percentage of population in the labour force,ES,Spain,2018,,13.9,,,,,
dataflow,ESTAT:TIPSUN20(1.0),Unemployment rate - annual data,A,Annual,T,Total,Y25-74,From 25 to 74 years,PC_ACT,Percentage of population in the labour force,ES,Spain,2019,,12.8,,,,,
dataflow,ESTAT:TIPSUN20(1.0),Unemployment rate - annual data,A,Annual,T,Total,Y25-74,From 25 to 74 years,PC_ACT,Percentage of population in the labour force,ES,Spain,2020,,14.0,,,,,
dataflow,ESTAT:TIPSUN20(1.0),Unemployment rate - annual data,A,Annual,T,Total,Y25-74,From 25 to 74 years,PC_ACT,Percentage of population in the labour force,FI,Finland,2009,,6.5,,,,,
dataflow,ESTAT:TIPSUN20(1.0),Unemployment rate - annual data,A,Annual,T,Total,Y25-74,From 25 to 74 years,PC_ACT,Percentage of population in the labour force,FI,Finland,2010,,6.7,,,,,
dataflow,ESTAT:TIPSUN20(1.0),Unemployment rate - annual data,A,Annual,T,Total,Y25-74,From 25 to 74 years,PC_ACT,Percentage of population in the labour force,FI,Finland,2011,,6.3,,,,,
dataflow,ESTAT:TIPSUN20(1.0),Unemployment rate - annual data,A,Annual,T,Total,Y25-74,From 25 to 74 years,PC_ACT,Percentage of population in the labour force,FI,Finland,2012,,6.2,,,,,
dataflow,ESTAT:TIPSUN20(1.0),Unemployment rate - annual data,A,Annual,T,Total,Y25-74,From 25 to 74 years,PC_ACT,Percentage of population in the labour force,FI,Finland,2013,,6.6,,,,,
dataflow,ESTAT:TIPSUN20(1.0),Unemployment rate - annual data,A,Annual,T,Total,Y25-74,From 25 to 74 years,PC_ACT,Percentage of population in the labour force,FI,Finland,2014,,7.1,,,,,
dataflow,ESTAT:TIPSUN20(1.0),Unemployment rate - annual data,A,Annual,T,Total,Y25-74,From 25 to 74 years,PC_ACT,Percentage of population in the labour force,FI,Finland,2015,,7.6,,,,,
dataflow,ESTAT:TIPSUN20(1.0),Unemployment rate - annual data,A,Annual,T,Total,Y25-74,From 25 to 74 years,PC_ACT,Percentage of population in the labour force,FI,Finland,2016,,7.3,,,,,
dataflow,ESTAT:TIPSUN20(1.0),Unemployment rate - annual data,A,Annual,T,Total,Y25-74,From 25 to 74 years,PC_ACT,Percentage of population in the labour force,FI,Finland,2017,,7.2,,,,,
dataflow,ESTAT:TIPSUN20(1.0),Unemployment rate - annual data,A,Annual,T,Total,Y25-74,From 25 to 74 years,PC_ACT,Percentage of population in the labour force,FI,Finland,2018,,6.1,,,,,
dataflow,ESTAT:TIPSUN20(1.0),Unemployment rate - annual data,A,Annual,T,Total,Y25-74,From 25 to 74 years,PC_ACT,Percentage of population in the labour force,FI,Finland,2019,,5.3,,,,,
dataflow,ESTAT:TIPSUN20(1.0),Unemployment rate - annual data,A,Annual,T,Total,Y25-74,From 25 to 74 years,PC_ACT,Percentage of population in the labour force,FI,Finland,2020,,6.0,,,,,
dataflow,ESTAT:TIPSUN20(1.0),Unemployment rate - annual data,A,Annual,T,Total,Y25-74,From 25 to 74 years,PC_ACT,Percentage of population in the labour force,FR,France,2009,,7.2,,,,,
dataflow,ESTAT:TIPSUN20(1.0),Unemployment rate - annual data,A,Annual,T,Total,Y25-74,From 25 to 74 years,PC_ACT,Percentage of population in the labour force,FR,France,2010,,7.5,,,,,
dataflow,ESTAT:TIPSUN20(1.0),Unemployment rate - annual data,A,Annual,T,Total,Y25-74,From 25 to 74 years,PC_ACT,Percentage of population in the labour force,FR,France,2011,,7.6,,,,,
dataflow,ESTAT:TIPSUN20(1.0),Unemployment rate - annual data,A,Annual,T,Total,Y25-74,From 25 to 74 years,PC_ACT,Percentage of population in the labour force,FR,France,2012,,8.1,,,,,
dataflow,ESTAT:TIPSUN20(1.0),Unemployment rate - annual data,A,Annual,T,Total,Y25-74,From 25 to 74 years,PC_ACT,Percentage of population in the labour force,FR,France,2013,,8.6,,,,,
dataflow,ESTAT:TIPSUN20(1.0),Unemployment rate - annual data,A,Annual,T,Total,Y25-74,From 25 to 74 years,PC_ACT,Percentage of population in the labour force,FR,France,2014,,8.7,,,,,
dataflow,ESTAT:TIPSUN20(1.0),Unemployment rate - annual data,A,Annual,T,Total,Y25-74,From 25 to 74 years,PC_ACT,Percentage of population in the labour force,FR,France,2015,,8.7,,,,,
dataflow,ESTAT:TIPSUN20(1.0),Unemployment rate - annual data,A,Annual,T,Total,Y25-74,From 25 to 74 years,PC_ACT,Percentage of population in the labour force,FR,France,2016,,8.4,,,,,
dataflow,ESTAT:TIPSUN20(1.0),Unemployment rate - annual data,A,Annual,T,Total,Y25-74,From 25 to 74 years,PC_ACT,Percentage of population in the labour force,FR,France,2017,,7.9,,,,,
dataflow,ESTAT:TIPSUN20(1.0),Unemployment rate - annual data,A,Annual,T,Total,Y25-74,From 25 to 74 years,PC_ACT,Percentage of population in the labour force,FR,France,2018,,7.6,,,,,
dataflow,ESTAT:TIPSUN20(1.0),Unemployment rate - annual data,A,Annual,T,Total,Y25-74,From 25 to 74 years,PC_ACT,Percentage of population in the labour force,FR,France,2019,,7.1,,,,,
dataflow,ESTAT:TIPSUN20(1.0),Unemployment rate - annual data,A,Annual,T,Total,Y25-74,From 25 to 74 years,PC_ACT,Percentage of population in the labour force,FR,France,2020,,6.6,,,,,
dataflow,ESTAT:TIPSUN20(1.0),Unemployment rate - annual data,A,Annual,T,Total,Y25-74,From 25 to 74 years,PC_ACT,Percentage of population in the labour force,HU,Hungary,2009,,8.5,,,,,
dataflow,ESTAT:TIPSUN20(1.0),Unemployment rate - annual data,A,Annual,T,Total,Y25-74,From 25 to 74 years,PC_ACT,Percentage of population in the labour force,HU,Hungary,2010,,9.7,,,,,
dataflow,ESTAT:TIPSUN20(1.0),Unemployment rate - annual data,A,Annual,T,Total,Y25-74,From 25 to 74 years,PC_ACT,Percentage of population in the labour force,HU,Hungary,2011,,9.6,,,,,
dataflow,ESTAT:TIPSUN20(1.0),Unemployment rate - annual data,A,Annual,T,Total,Y25-74,From 25 to 74 years,PC_ACT,Percentage of population in the labour force,HU,Hungary,2012,,9.4,,,,,
dataflow,ESTAT:TIPSUN20(1.0),Unemployment rate - annual data,A,Annual,T,Total,Y25-74,From 25 to 74 years,PC_ACT,Percentage of population in the labour force,HU,Hungary,2013,,8.6,,,,,
dataflow,ESTAT:TIPSUN20(1.0),Unemployment rate - annual data,A,Annual,T,Total,Y25-74,From 25 to 74 years,PC_ACT,Percentage of population in the labour force,HU,Hungary,2014,,6.5,,,,,
dataflow,ESTAT:TIPSUN20(1.0),Unemployment rate - annual data,A,Annual,T,Total,Y25-74,From 25 to 74 years,PC_ACT,Percentage of population in the labour force,HU,Hungary,2015,,5.8,,,,,
dataflow,ESTAT:TIPSUN20(1.0),Unemployment rate - annual data,A,Annual,T,Total,Y25-74,From 25 to 74 years,PC_ACT,Percentage of population in the labour force,HU,Hungary,2016,,4.3,,,,,
dataflow,ESTAT:TIPSUN20(1.0),Unemployment rate - annual data,A,Annual,T,Total,Y25-74,From 25 to 74 years,PC_ACT,Percentage of population in the labour force,HU,Hungary,2017,,3.5,,,,,
dataflow,ESTAT:TIPSUN20(1.0),Unemployment rate - annual data,A,Annual,T,Total,Y25-74,From 25 to 74 years,PC_ACT,Percentage of population in the labour force,HU,Hungary,2018,,3.1,,b,break in time series,,
dataflow,ESTAT:TIPSUN20(1.0),Unemployment rate - annual data,A,Annual,T,Total,Y25-74,From 25 to 74 years,PC_ACT,Percentage of population in the labour force,HU,Hungary,2019,,2.7,,,,,
dataflow,ESTAT:TIPSUN20(1.0),Unemployment rate - annual data,A,Annual,T,Total,Y25-74,From 25 to 74 years,PC_ACT,Percentage of population in the labour force,HU,Hungary,2020,,3.5,,,,,
dataflow,ESTAT:TIPSUN20(1.0),Unemployment rate - annual data,A,Annual,T,Total,Y25-74,From 25 to 74 years,PC_ACT,Percentage of population in the labour force,IE,Ireland,2009,,10.3,,,,,
dataflow,ESTAT:TIPSUN20(1.0),Unemployment rate - annual data,A,Annual,T,Total,Y25-74,From 25 to 74 years,PC_ACT,Percentage of population in the labour force,IE,Ireland,2010,,12.3,,,,,
dataflow,ESTAT:TIPSUN20(1.0),Unemployment rate - annual data,A,Annual,T,Total,Y25-74,From 25 to 74 years,PC_ACT,Percentage of population in the labour force,IE,Ireland,2011,,13.2,,,,,
dataflow,ESTAT:TIPSUN20(1.0),Unemployment rate - annual data,A,Annual,T,Total,Y25-74,From 25 to 74 years,PC_ACT,Percentage of population in the labour force,IE,Ireland,2012,,13.2,,,,,
dataflow,ESTAT:TIPSUN20(1.0),Unemployment rate - annual data,A,Annual,T,Total,Y25-74,From 25 to 74 years,PC_ACT,Percentage of population in the labour force,IE,Ireland,2013,,11.9,,,,,
dataflow,ESTAT:TIPSUN20(1.0),Unemployment rate - annual data,A,Annual,T,Total,Y25-74,From 25 to 74 years,PC_ACT,Percentage of population in the labour force,IE,Ireland,2014,,10.3,,,,,
dataflow,ESTAT:TIPSUN20(1.0),Unemployment rate - annual data,A,Annual,T,Total,Y25-74,From 25 to 74 years,PC_ACT,Percentage of population in the labour force,IE,Ireland,2015,,8.5,,,,,
dataflow,ESTAT:TIPSUN20(1.0),Unemployment rate - annual data,A,Annual,T,Total,Y25-74,From 25 to 74 years,PC_ACT,Percentage of population in the labour force,IE,Ireland,2016,,7.2,,,,,
dataflow,ESTAT:TIPSUN20(1.0),Unemployment rate - annual data,A,Annual,T,Total,Y25-74,From 25 to 74 years,PC_ACT,Percentage of population in the labour force,IE,Ireland,2017,,5.7,,,,,
dataflow,ESTAT:TIPSUN20(1.0),Unemployment rate - annual data,A,Annual,T,Total,Y25-74,From 25 to 74 years,PC_ACT,Percentage of population in the labour force,IE,Ireland,2018,,4.7,,,,,
dataflow,ESTAT:TIPSUN20(1.0),Unemployment rate - annual data,A,Annual,T,Total,Y25-74,From 25 to 74 years,PC_ACT,Percentage of population in the labour force,IE,Ireland,2019,,4.0,,,,,
dataflow,ESTAT:TIPSUN20(1.0),Unemployment rate - annual data,A,Annual,T,Total,Y25-74,From 25 to 74 years,PC_ACT,Percentage of population in the labour force,IE,Ireland,2020,,4.6,,,,,
dataflow,ESTAT:TIPSUN20(1.0),Unemployment rate - annual data,A,Annual,T,Total,Y25-74,From 25 to 74 years,PC_ACT,Percentage of population in the labour force,IT,Italy,2009,,6.5,,,,,
dataflow,ESTAT:TIPSUN20(1.0),Unemployment rate - annual data,A,Annual,T,Total,Y25-74,From 25 to 74 years,PC_ACT,Percentage of population in the labour force,IT,Italy,2010,,7.1,,,,,
dataflow,ESTAT:TIPSUN20(1.0),Unemployment rate - annual data,A,Annual,T,Total,Y25-74,From 25 to 74 years,PC_ACT,Percentage of population in the labour force,IT,Italy,2011,,7.1,,,,,
dataflow,ESTAT:TIPSUN20(1.0),Unemployment rate - annual data,A,Annual,T,Total,Y25-74,From 25 to 74 years,PC_ACT,Percentage of population in the labour force,IT,Italy,2012,,9.1,,,,,
dataflow,ESTAT:TIPSUN20(1.0),Unemployment rate - annual data,A,Annual,T,Total,Y25-74,From 25 to 74 years,PC_ACT,Percentage of population in the labour force,IT,Italy,2013,,10.5,,,,,
dataflow,ESTAT:TIPSUN20(1.0),Unemployment rate - annual data,A,Annual,T,Total,Y25-74,From 25 to 74 years,PC_ACT,Percentage of population in the labour force,IT,Italy,2014,,10.8,,,,,
dataflow,ESTAT:TIPSUN20(1.0),Unemployment rate - annual data,A,Annual,T,Total,Y25-74,From 25 to 74 years,PC_ACT,Percentage of population in the labour force,IT,Italy,2015,,10.2,,,,,
dataflow,ESTAT:TIPSUN20(1.0),Unemployment rate - annual data,A,Annual,T,Total,Y25-74,From 25 to 74 years,PC_ACT,Percentage of population in the labour force,IT,Italy,2016,,10.1,,,,,
dataflow,ESTAT:TIPSUN20(1.0),Unemployment rate - annual data,A,Annual,T,Total,Y25-74,From 25 to 74 years,PC_ACT,Percentage of population in the labour force,IT,Italy,2017,,9.8,,,,,
dataflow,ESTAT:TIPSUN20(1.0),Unemployment rate - annual data,A,Annual,T,Total,Y25-74,From 25 to 74 years,PC_ACT,Percentage of population in the labour force,IT,Italy,2018,,9.2,,b,break in time series,,
dataflow,ESTAT:TIPSUN20(1.0),Unemployment rate - annual data,A,Annual,T,Total,Y25-74,From 25 to 74 years,PC_ACT,Percentage of population in the labour force,IT,Italy,2019,,8.7,,,,,
dataflow,ESTAT:TIPSUN20(1.0),Unemployment rate - annual data,A,Annual,T,Total,Y25-74,From 25 to 74 years,PC_ACT,Percentage of population in the labour force,IT,Italy,2020,,8.1,,,,,
dataflow,ESTAT:TIPSUN20(1.0),Unemployment rate - annual data,A,Annual,T,Total,Y25-74,From 25 to 74 years,PC_ACT,Percentage of population in the labour force,LT,Lithuania,2009,,12.2,,,,,
dataflow,ESTAT:TIPSUN20(1.0),Unemployment rate - annual data,A,Annual,T,Total,Y25-74,From 25 to 74 years,PC_ACT,Percentage of population in the labour force,LT,Lithuania,2010,,16.1,,,,,
dataflow,ESTAT:TIPSUN20(1.0),Unemployment rate - annual data,A,Annual,T,Total,Y25-74,From 25 to 74 years,PC_ACT,Percentage of population in the labour force,LT,Lithuania,2011,,13.9,,,,,
dataflow,ESTAT:TIPSUN20(1.0),Unemployment rate - annual data,A,Annual,T,Total,Y25-74,From 25 to 74 years,PC_ACT,Percentage of population in the labour force,LT,Lithuania,2012,,12.2,,,,,
dataflow,ESTAT:TIPSUN20(1.0),Unemployment rate - annual data,A,Annual,T,Total,Y25-74,From 25 to 74 years,PC_ACT,Percentage of population in the labour force,LT,Lithuania,2013,,10.9,,,,,
dataflow,ESTAT:TIPSUN20(1.0),Unemployment rate - annual data,A,Annual,T,Total,Y25-74,From 25 to 74 years,PC_ACT,Percentage of population in the labour force,LT,Lithuania,2014,,9.9,,,,,
dataflow,ESTAT:TIPSUN20(1.0),Unemployment rate - annual data,A,Annual,T,Total,Y25-74,From 25 to 74 years,PC_ACT,Percentage of population in the labour force,LT,Lithuania,2015,,8.5,,,,,
dataflow,ESTAT:TIPSUN20(1.0),Unemployment rate - annual data,A,Annual,T,Total,Y25-74,From 25 to 74 years,PC_ACT,Percentage of population in the labour force,LT,Lithuania,2016,,7.3,,,,,
dataflow,ESTAT:TIPSUN20(1.0),Unemployment rate - annual data,A,Annual,T,Total,Y25-74,From 25 to 74 years,PC_ACT,Percentage of population in the labour force,LT,Lithuania,2017,,6.6,,,,,
dataflow,ESTAT:TIPSUN20(1.0),Unemployment rate - annual data,A,Annual,T,Total,Y25-74,From 25 to 74 years,PC_ACT,Percentage of population in the labour force,LT,Lithuania,2018,,5.8,,,,,
dataflow,ESTAT:TIPSUN20(1.0),Unemployment rate - annual data,A,Annual,T,Total,Y25-74,From 25 to 74 years,PC_ACT,Percentage of population in the labour force,LT,Lithuania,2019,,5.8,,,,,
dataflow,ESTAT:TIPSUN20(1.0),Unemployment rate - annual data,A,Annual,T,Total,Y25-74,From 25 to 74 years,PC_ACT,Percentage of population in the labour force,LT,Lithuania,2020,,7.7,,,,,
dataflow,ESTAT:TIPSUN20(1.0),Unemployment rate - annual data,A,Annual,T,Total,Y25-74,From 25 to 74 years,PC_ACT,Percentage of population in the labour force,LU,Luxembourg,2009,,4.1,,,,,
dataflow,ESTAT:TIPSUN20(1.0),Unemployment rate - annual data,A,Annual,T,Total,Y25-74,From 25 to 74 years,PC_ACT,Percentage of population in the labour force,LU,Luxembourg,2010,,3.7,,,,,
dataflow,ESTAT:TIPSUN20(1.0),Unemployment rate - annual data,A,Annual,T,Total,Y25-74,From 25 to 74 years,PC_ACT,Percentage of population in the labour force,LU,Luxembourg,2011,,4.1,,,,,
dataflow,ESTAT:TIPSUN20(1.0),Unemployment rate - annual data,A,Annual,T,Total,Y25-74,From 25 to 74 years,PC_ACT,Percentage of population in the labour force,LU,Luxembourg,2012,,4.2,,,,,
dataflow,ESTAT:TIPSUN20(1.0),Unemployment rate - annual data,A,Annual,T,Total,Y25-74,From 25 to 74 years,PC_ACT,Percentage of population in the labour force,LU,Luxembourg,2013,,5.2,,,,,
dataflow,ESTAT:TIPSUN20(1.0),Unemployment rate - annual data,A,Annual,T,Total,Y25-74,From 25 to 74 years,PC_ACT,Percentage of population in the labour force,LU,Luxembourg,2014,,4.8,,,,,
dataflow,ESTAT:TIPSUN20(1.0),Unemployment rate - annual data,A,Annual,T,Total,Y25-74,From 25 to 74 years,PC_ACT,Percentage of population in the labour force,LU,Luxembourg,2015,,5.7,,b,break in time series,,
dataflow,ESTAT:TIPSUN20(1.0),Unemployment rate - annual data,A,Annual,T,Total,Y25-74,From 25 to 74 years,PC_ACT,Percentage of population in the labour force,LU,Luxembourg,2016,,5.3,,,,,
dataflow,ESTAT:TIPSUN20(1.0),Unemployment rate - annual data,A,Annual,T,Total,Y25-74,From 25 to 74 years,PC_ACT,Percentage of population in the labour force,LU,Luxembourg,2017,,4.7,,,,,
dataflow,ESTAT:TIPSUN20(1.0),Unemployment rate - annual data,A,Annual,T,Total,Y25-74,From 25 to 74 years,PC_ACT,Percentage of population in the labour force,LU,Luxembourg,2018,,4.9,,,,,
dataflow,ESTAT:TIPSUN20(1.0),Unemployment rate - annual data,A,Annual,T,Total,Y25-74,From 25 to 74 years,PC_ACT,Percentage of population in the labour force,LU,Luxembourg,2019,,4.6,,,,,
dataflow,ESTAT:TIPSUN20(1.0),Unemployment rate - annual data,A,Annual,T,Total,Y25-74,From 25 to 74 years,PC_ACT,Percentage of population in the labour force,LU,Luxembourg,2020,,5.5,,,,,
dataflow,ESTAT:TIPSUN20(1.0),Unemployment rate - annual data,A,Annual,T,Total,Y25-74,From 25 to 74 years,PC_ACT,Percentage of population in the labour force,LV,Latvia,2009,,15.5,,,,,
dataflow,ESTAT:TIPSUN20(1.0),Unemployment rate - annual data,A,Annual,T,Total,Y25-74,From 25 to 74 years,PC_ACT,Percentage of population in the labour force,LV,Latvia,2010,,17.6,,,,,
dataflow,ESTAT:TIPSUN20(1.0),Unemployment rate - annual data,A,Annual,T,Total,Y25-74,From 25 to 74 years,PC_ACT,Percentage of population in the labour force,LV,Latvia,2011,,14.7,,,,,
dataflow,ESTAT:TIPSUN20(1.0),Unemployment rate - annual data,A,Annual,T,Total,Y25-74,From 25 to 74 years,PC_ACT,Percentage of population in the labour force,LV,Latvia,2012,,13.7,,,,,
dataflow,ESTAT:TIPSUN20(1.0),Unemployment rate - annual data,A,Annual,T,Total,Y25-74,From 25 to 74 years,PC_ACT,Percentage of population in the labour force,LV,Latvia,2013,,10.8,,,,,
dataflow,ESTAT:TIPSUN20(1.0),Unemployment rate - annual data,A,Annual,T,Total,Y25-74,From 25 to 74 years,PC_ACT,Percentage of population in the labour force,LV,Latvia,2014,,10.0,,,,,
dataflow,ESTAT:TIPSUN20(1.0),Unemployment rate - annual data,A,Annual,T,Total,Y25-74,From 25 to 74 years,PC_ACT,Percentage of population in the labour force,LV,Latvia,2015,,9.3,,,,,
dataflow,ESTAT:TIPSUN20(1.0),Unemployment rate - annual data,A,Annual,T,Total,Y25-74,From 25 to 74 years,PC_ACT,Percentage of population in the labour force,LV,Latvia,2016,,9.1,,,,,
dataflow,ESTAT:TIPSUN20(1.0),Unemployment rate - annual data,A,Annual,T,Total,Y25-74,From 25 to 74 years,PC_ACT,Percentage of population in the labour force,LV,Latvia,2017,,8.1,,,,,
dataflow,ESTAT:TIPSUN20(1.0),Unemployment rate - annual data,A,Annual,T,Total,Y25-74,From 25 to 74 years,PC_ACT,Percentage of population in the labour force,LV,Latvia,2018,,7.1,,,,,
dataflow,ESTAT:TIPSUN20(1.0),Unemployment rate - annual data,A,Annual,T,Total,Y25-74,From 25 to 74 years,PC_ACT,Percentage of population in the labour force,LV,Latvia,2019,,5.9,,,,,
dataflow,ESTAT:TIPSUN20(1.0),Unemployment rate - annual data,A,Annual,T,Total,Y25-74,From 25 to 74 years,PC_ACT,Percentage of population in the labour force,LV,Latvia,2020,,7.7,,,,,
dataflow,ESTAT:TIPSUN20(1.0),Unemployment rate - annual data,A,Annual,T,Total,Y25-74,From 25 to 74 years,PC_ACT,Percentage of population in the labour force,MT,Malta,2009,,5.3,,,,,
dataflow,ESTAT:TIPSUN20(1.0),Unemployment rate - annual data,A,Annual,T,Total,Y25-74,From 25 to 74 years,PC_ACT,Percentage of population in the labour force,MT,Malta,2010,,5.6,,,,,
dataflow,ESTAT:TIPSUN20(1.0),Unemployment rate - annual data,A,Annual,T,Total,Y25-74,From 25 to 74 years,PC_ACT,Percentage of population in the labour force,MT,Malta,2011,,5.0,,,,,
dataflow,ESTAT:TIPSUN20(1.0),Unemployment rate - annual data,A,Annual,T,Total,Y25-74,From 25 to 74 years,PC_ACT,Percentage of population in the labour force,MT,Malta,2012,,4.8,,,,,
dataflow,ESTAT:TIPSUN20(1.0),Unemployment rate - annual data,A,Annual,T,Total,Y25-74,From 25 to 74 years,PC_ACT,Percentage of population in the labour force,MT,Malta,2013,,4.9,,,,,
dataflow,ESTAT:TIPSUN20(1.0),Unemployment rate - annual data,A,Annual,T,Total,Y25-74,From 25 to 74 years,PC_ACT,Percentage of population in the labour force,MT,Malta,2014,,4.7,,,,,
dataflow,ESTAT:TIPSUN20(1.0),Unemployment rate - annual data,A,Annual,T,Total,Y25-74,From 25 to 74 years,PC_ACT,Percentage of population in the labour force,MT,Malta,2015,,4.4,,,,,
dataflow,ESTAT:TIPSUN20(1.0),Unemployment rate - annual data,A,Annual,T,Total,Y25-74,From 25 to 74 years,PC_ACT,Percentage of population in the labour force,MT,Malta,2016,,3.8,,,,,
dataflow,ESTAT:TIPSUN20(1.0),Unemployment rate - annual data,A,Annual,T,Total,Y25-74,From 25 to 74 years,PC_ACT,Percentage of population in the labour force,MT,Malta,2017,,3.1,,,,,
dataflow,ESTAT:TIPSUN20(1.0),Unemployment rate - annual data,A,Annual,T,Total,Y25-74,From 25 to 74 years,PC_ACT,Percentage of population in the labour force,MT,Malta,2018,,3.2,,,,,
dataflow,ESTAT:TIPSUN20(1.0),Unemployment rate - annual data,A,Annual,T,Total,Y25-74,From 25 to 74 years,PC_ACT,Percentage of population in the labour force,MT,Malta,2019,,3.3,,,,,
dataflow,ESTAT:TIPSUN20(1.0),Unemployment rate - annual data,A,Annual,T,Total,Y25-74,From 25 to 74 years,PC_ACT,Percentage of population in the labour force,MT,Malta,2020,,4.1,,,,,
dataflow,ESTAT:TIPSUN20(1.0),Unemployment rate - annual data,A,Annual,T,Total,Y25-74,From 25 to 74 years,PC_ACT,Percentage of population in the labour force,NL,Netherlands,2009,,4.1,,,,,
dataflow,ESTAT:TIPSUN20(1.0),Unemployment rate - annual data,A,Annual,T,Total,Y25-74,From 25 to 74 years,PC_ACT,Percentage of population in the labour force,NL,Netherlands,2010,,4.7,,,,,
dataflow,ESTAT:TIPSUN20(1.0),Unemployment rate - annual data,A,Annual,T,Total,Y25-74,From 25 to 74 years,PC_ACT,Percentage of population in the labour force,NL,Netherlands,2011,,4.9,,,,,
dataflow,ESTAT:TIPSUN20(1.0),Unemployment rate - annual data,A,Annual,T,Total,Y25-74,From 25 to 74 years,PC_ACT,Percentage of population in the labour force,NL,Netherlands,2012,,5.6,,,,,
dataflow,ESTAT:TIPSUN20(1.0),Unemployment rate - annual data,A,Annual,T,Total,Y25-74,From 25 to 74 years,PC_ACT,Percentage of population in the labour force,NL,Netherlands,2013,,7.0,,,,,
dataflow,ESTAT:TIPSUN20(1.0),Unemployment rate - annual data,A,Annual,T,Total,Y25-74,From 25 to 74 years,PC_ACT,Percentage of population in the labour force,NL,Netherlands,2014,,7.3,,,,,
dataflow,ESTAT:TIPSUN20(1.0),Unemployment rate - annual data,A,Annual,T,Total,Y25-74,From 25 to 74 years,PC_ACT,Percentage of population in the labour force,NL,Netherlands,2015,,6.9,,,,,
dataflow,ESTAT:TIPSUN20(1.0),Unemployment rate - annual data,A,Annual,T,Total,Y25-74,From 25 to 74 years,PC_ACT,Percentage of population in the labour force,NL,Netherlands,2016,,5.9,,,,,
dataflow,ESTAT:TIPSUN20(1.0),Unemployment rate - annual data,A,Annual,T,Total,Y25-74,From 25 to 74 years,PC_ACT,Percentage of population in the labour force,NL,Netherlands,2017,,4.9,,,,,
dataflow,ESTAT:TIPSUN20(1.0),Unemployment rate - annual data,A,Annual,T,Total,Y25-74,From 25 to 74 years,PC_ACT,Percentage of population in the labour force,NL,Netherlands,2018,,4.0,,,,,
dataflow,ESTAT:TIPSUN20(1.0),Unemployment rate - annual data,A,Annual,T,Total,Y25-74,From 25 to 74 years,PC_ACT,Percentage of population in the labour force,NL,Netherlands,2019,,3.6,,,,,
dataflow,ESTAT:TIPSUN20(1.0),Unemployment rate - annual data,A,Annual,T,Total,Y25-74,From 25 to 74 years,PC_ACT,Percentage of population in the labour force,NL,Netherlands,2020,,3.7,,,,,
dataflow,ESTAT:TIPSUN20(1.0),Unemployment rate - annual data,A,Annual,T,Total,Y25-74,From 25 to 74 years,PC_ACT,Percentage of population in the labour force,PL,Poland,2009,,7.0,,,,,
dataflow,ESTAT:TIPSUN20(1.0),Unemployment rate - annual data,A,Annual,T,Total,Y25-74,From 25 to 74 years,PC_ACT,Percentage of population in the labour force,PL,Poland,2010,,8.4,,b,break in time series,,
dataflow,ESTAT:TIPSUN20(1.0),Unemployment rate - annual data,A,Annual,T,Total,Y25-74,From 25 to 74 years,PC_ACT,Percentage of population in the labour force,PL,Poland,2011,,8.2,,,,,
dataflow,ESTAT:TIPSUN20(1.0),Unemployment rate - annual data,A,Annual,T,Total,Y25-74,From 25 to 74 years,PC_ACT,Percentage of population in the labour force,PL,Poland,2012,,8.7,,,,,
dataflow,ESTAT:TIPSUN20(1.0),Unemployment rate - annual data,A,Annual,T,Total,Y25-74,From 25 to 74 years,PC_ACT,Percentage of population in the labour force,PL,Poland,2013,,9.0,,,,,
dataflow,ESTAT:TIPSUN20(1.0),Unemployment rate - annual data,A,Annual,T,Total,Y25-74,From 25 to 74 years,PC_ACT,Percentage of population in the labour force,PL,Poland,2014,,7.8,,,,,
dataflow,ESTAT:TIPSUN20(1.0),Unemployment rate - annual data,A,Annual,T,Total,Y25-74,From 25 to 74 years,PC_ACT,Percentage of population in the labour force,PL,Poland,2015,,6.5,,,,,
dataflow,ESTAT:TIPSUN20(1.0),Unemployment rate - annual data,A,Annual,T,Total,Y25-74,From 25 to 74 years,PC_ACT,Percentage of population in the labour force,PL,Poland,2016,,5.3,,,,,
dataflow,ESTAT:TIPSUN20(1.0),Unemployment rate - annual data,A,Annual,T,Total,Y25-74,From 25 to 74 years,PC_ACT,Percentage of population in the labour force,PL,Poland,2017,,4.1,,,,,
dataflow,ESTAT:TIPSUN20(1.0),Unemployment rate - annual data,A,Annual,T,Total,Y25-74,From 25 to 74 years,PC_ACT,Percentage of population in the labour force,PL,Poland,2018,,3.2,,,,,
dataflow,ESTAT:TIPSUN20(1.0),Unemployment rate - annual data,A,Annual,T,Total,Y25-74,From 25 to 74 years,PC_ACT,Percentage of population in the labour force,PL,Poland,2019,,2.8,,b,break in time series,,
dataflow,ESTAT:TIPSUN20(1.0),Unemployment rate - annual data,A,Annual,T,Total,Y25-74,From 25 to 74 years,PC_ACT,Percentage of population in the labour force,PL,Poland,2020,,2.7,,,,,
dataflow,ESTAT:TIPSUN20(1.0),Unemployment rate - annual data,A,Annual,T,Total,Y25-74,From 25 to 74 years,PC_ACT,Percentage of population in the labour force,PT,Portugal,2009,,9.7,,,,,
dataflow,ESTAT:TIPSUN20(1.0),Unemployment rate - annual data,A,Annual,T,Total,Y25-74,From 25 to 74 years,PC_ACT,Percentage of population in the labour force,PT,Portugal,2010,,11.1,,,,,
dataflow,ESTAT:TIPSUN20(1.0),Unemployment rate - annual data,A,Annual,T,Total,Y25-74,From 25 to 74 years,PC_ACT,Percentage of population in the labour force,PT,Portugal,2011,,12.0,,,,,
dataflow,ESTAT:TIPSUN20(1.0),Unemployment rate - annual data,A,Annual,T,Total,Y25-74,From 25 to 74 years,PC_ACT,Percentage of population in the labour force,PT,Portugal,2012,,14.6,,,,,
dataflow,ESTAT:TIPSUN20(1.0),Unemployment rate - annual data,A,Annual,T,Total,Y25-74,From 25 to 74 years,PC_ACT,Percentage of population in the labour force,PT,Portugal,2013,,15.4,,,,,
dataflow,ESTAT:TIPSUN20(1.0),Unemployment rate - annual data,A,Annual,T,Total,Y25-74,From 25 to 74 years,PC_ACT,Percentage of population in the labour force,PT,Portugal,2014,,12.9,,,,,
dataflow,ESTAT:TIPSUN20(1.0),Unemployment rate - annual data,A,Annual,T,Total,Y25-74,From 25 to 74 years,PC_ACT,Percentage of population in the labour force,PT,Portugal,2015,,11.4,,,,,
dataflow,ESTAT:TIPSUN20(1.0),Unemployment rate - annual data,A,Annual,T,Total,Y25-74,From 25 to 74 years,PC_ACT,Percentage of population in the labour force,PT,Portugal,2016,,10.2,,,,,
dataflow,ESTAT:TIPSUN20(1.0),Unemployment rate - annual data,A,Annual,T,Total,Y25-74,From 25 to 74 years,PC_ACT,Percentage of population in the labour force,PT,Portugal,2017,,8.0,,,,,
dataflow,ESTAT:TIPSUN20(1.0),Unemployment rate - annual data,A,Annual,T,Total,Y25-74,From 25 to 74 years,PC_ACT,Percentage of population in the labour force,PT,Portugal,2018,,6.2,,,,,
dataflow,ESTAT:TIPSUN20(1.0),Unemployment rate - annual data,A,Annual,T,Total,Y25-74,From 25 to 74 years,PC_ACT,Percentage of population in the labour force,PT,Portugal,2019,,5.7,,,,,
dataflow,ESTAT:TIPSUN20(1.0),Unemployment rate - annual data,A,Annual,T,Total,Y25-74,From 25 to 74 years,PC_ACT,Percentage of population in the labour force,PT,Portugal,2020,,6.0,,,,,
dataflow,ESTAT:TIPSUN20(1.0),Unemployment rate - annual data,A,Annual,T,Total,Y25-74,From 25 to 74 years,PC_ACT,Percentage of population in the labour force,RO,Romania,2009,,6.8,,,,,
dataflow,ESTAT:TIPSUN20(1.0),Unemployment rate - annual data,A,Annual,T,Total,Y25-74,From 25 to 74 years,PC_ACT,Percentage of population in the labour force,RO,Romania,2010,,7.3,,,,,
dataflow,ESTAT:TIPSUN20(1.0),Unemployment rate - annual data,A,Annual,T,Total,Y25-74,From 25 to 74 years,PC_ACT,Percentage of population in the labour force,RO,Romania,2011,,7.3,,,,,
dataflow,ESTAT:TIPSUN20(1.0),Unemployment rate - annual data,A,Annual,T,Total,Y25-74,From 25 to 74 years,PC_ACT,Percentage of population in the labour force,RO,Romania,2012,,7.0,,,,,
dataflow,ESTAT:TIPSUN20(1.0),Unemployment rate - annual data,A,Annual,T,Total,Y25-74,From 25 to 74 years,PC_ACT,Percentage of population in the labour force,RO,Romania,2013,,7.3,,,,,
dataflow,ESTAT:TIPSUN20(1.0),Unemployment rate - annual data,A,Annual,T,Total,Y25-74,From 25 to 74 years,PC_ACT,Percentage of population in the labour force,RO,Romania,2014,,6.9,,,,,
dataflow,ESTAT:TIPSUN20(1.0),Unemployment rate - annual data,A,Annual,T,Total,Y25-74,From 25 to 74 years,PC_ACT,Percentage of population in the labour force,RO,Romania,2015,,6.9,,,,,
dataflow,ESTAT:TIPSUN20(1.0),Unemployment rate - annual data,A,Annual,T,Total,Y25-74,From 25 to 74 years,PC_ACT,Percentage of population in the labour force,RO,Romania,2016,,5.9,,,,,
dataflow,ESTAT:TIPSUN20(1.0),Unemployment rate - annual data,A,Annual,T,Total,Y25-74,From 25 to 74 years,PC_ACT,Percentage of population in the labour force,RO,Romania,2017,,4.9,,,,,
dataflow,ESTAT:TIPSUN20(1.0),Unemployment rate - annual data,A,Annual,T,Total,Y25-74,From 25 to 74 years,PC_ACT,Percentage of population in the labour force,RO,Romania,2018,,4.2,,,,,
dataflow,ESTAT:TIPSUN20(1.0),Unemployment rate - annual data,A,Annual,T,Total,Y25-74,From 25 to 74 years,PC_ACT,Percentage of population in the labour force,RO,Romania,2019,,3.8,,,,,
dataflow,ESTAT:TIPSUN20(1.0),Unemployment rate - annual data,A,Annual,T,Total,Y25-74,From 25 to 74 years,PC_ACT,Percentage of population in the labour force,RO,Romania,2020,,5.0,,,,,
dataflow,ESTAT:TIPSUN20(1.0),Unemployment rate - annual data,A,Annual,T,Total,Y25-74,From 25 to 74 years,PC_ACT,Percentage of population in the labour force,SE,Sweden,2009,,6.1,,,,,
dataflow,ESTAT:TIPSUN20(1.0),Unemployment rate - annual data,A,Annual,T,Total,Y25-74,From 25 to 74 years,PC_ACT,Percentage of population in the labour force,SE,Sweden,2010,,6.4,,,,,
dataflow,ESTAT:TIPSUN20(1.0),Unemployment rate - annual data,A,Annual,T,Total,Y25-74,From 25 to 74 years,PC_ACT,Percentage of population in the labour force,SE,Sweden,2011,,5.7,,,,,
dataflow,ESTAT:TIPSUN20(1.0),Unemployment rate - annual data,A,Annual,T,Total,Y25-74,From 25 to 74 years,PC_ACT,Percentage of population in the labour force,SE,Sweden,2012,,5.9,,,,,
dataflow,ESTAT:TIPSUN20(1.0),Unemployment rate - annual data,A,Annual,T,Total,Y25-74,From 25 to 74 years,PC_ACT,Percentage of population in the labour force,SE,Sweden,2013,,5.9,,,,,
dataflow,ESTAT:TIPSUN20(1.0),Unemployment rate - annual data,A,Annual,T,Total,Y25-74,From 25 to 74 years,PC_ACT,Percentage of population in the labour force,SE,Sweden,2014,,5.9,,,,,
dataflow,ESTAT:TIPSUN20(1.0),Unemployment rate - annual data,A,Annual,T,Total,Y25-74,From 25 to 74 years,PC_ACT,Percentage of population in the labour force,SE,Sweden,2015,,5.8,,,,,
dataflow,ESTAT:TIPSUN20(1.0),Unemployment rate - annual data,A,Annual,T,Total,Y25-74,From 25 to 74 years,PC_ACT,Percentage of population in the labour force,SE,Sweden,2016,,5.5,,,,,
dataflow,ESTAT:TIPSUN20(1.0),Unemployment rate - annual data,A,Annual,T,Total,Y25-74,From 25 to 74 years,PC_ACT,Percentage of population in the labour force,SE,Sweden,2017,,5.4,,,,,
dataflow,ESTAT:TIPSUN20(1.0),Unemployment rate - annual data,A,Annual,T,Total,Y25-74,From 25 to 74 years,PC_ACT,Percentage of population in the labour force,SE,Sweden,2018,,5.1,,,,,
dataflow,ESTAT:TIPSUN20(1.0),Unemployment rate - annual data,A,Annual,T,Total,Y25-74,From 25 to 74 years,PC_ACT,Percentage of population in the labour force,SE,Sweden,2019,,5.3,,,,,
dataflow,ESTAT:TIPSUN20(1.0),Unemployment rate - annual data,A,Annual,T,Total,Y25-74,From 25 to 74 years,PC_ACT,Percentage of population in the labour force,SE,Sweden,2020,,6.7,,,,,
dataflow,ESTAT:TIPSUN20(1.0),Unemployment rate - annual data,A,Annual,T,Total,Y25-74,From 25 to 74 years,PC_ACT,Percentage of population in the labour force,SI,Slovenia,2009,,5.0,,,,,
dataflow,ESTAT:TIPSUN20(1.0),Unemployment rate - annual data,A,Annual,T,Total,Y25-74,From 25 to 74 years,PC_ACT,Percentage of population in the labour force,SI,Slovenia,2010,,6.5,,,,,
dataflow,ESTAT:TIPSUN20(1.0),Unemployment rate - annual data,A,Annual,T,Total,Y25-74,From 25 to 74 years,PC_ACT,Percentage of population in the labour force,SI,Slovenia,2011,,7.5,,,,,
dataflow,ESTAT:TIPSUN20(1.0),Unemployment rate - annual data,A,Annual,T,Total,Y25-74,From 25 to 74 years,PC_ACT,Percentage of population in the labour force,SI,Slovenia,2012,,7.9,,,,,
dataflow,ESTAT:TIPSUN20(1.0),Unemployment rate - annual data,A,Annual,T,Total,Y25-74,From 25 to 74 years,PC_ACT,Percentage of population in the labour force,SI,Slovenia,2013,,9.2,,,,,
dataflow,ESTAT:TIPSUN20(1.0),Unemployment rate - annual data,A,Annual,T,Total,Y25-74,From 25 to 74 years,PC_ACT,Percentage of population in the labour force,SI,Slovenia,2014,,8.9,,,,,
dataflow,ESTAT:TIPSUN20(1.0),Unemployment rate - annual data,A,Annual,T,Total,Y25-74,From 25 to 74 years,PC_ACT,Percentage of population in the labour force,SI,Slovenia,2015,,8.4,,,,,
dataflow,ESTAT:TIPSUN20(1.0),Unemployment rate - annual data,A,Annual,T,Total,Y25-74,From 25 to 74 years,PC_ACT,Percentage of population in the labour force,SI,Slovenia,2016,,7.5,,,,,
dataflow,ESTAT:TIPSUN20(1.0),Unemployment rate - annual data,A,Annual,T,Total,Y25-74,From 25 to 74 years,PC_ACT,Percentage of population in the labour force,SI,Slovenia,2017,,6.2,,,,,
dataflow,ESTAT:TIPSUN20(1.0),Unemployment rate - annual data,A,Annual,T,Total,Y25-74,From 25 to 74 years,PC_ACT,Percentage of population in the labour force,SI,Slovenia,2018,,4.8,,,,,
dataflow,ESTAT:TIPSUN20(1.0),Unemployment rate - annual data,A,Annual,T,Total,Y25-74,From 25 to 74 years,PC_ACT,Percentage of population in the labour force,SI,Slovenia,2019,,4.2,,,,,
dataflow,ESTAT:TIPSUN20(1.0),Unemployment rate - annual data,A,Annual,T,Total,Y25-74,From 25 to 74 years,PC_ACT,Percentage of population in the labour force,SI,Slovenia,2020,,4.4,,,,,
dataflow,ESTAT:TIPSUN20(1.0),Unemployment rate - annual data,A,Annual,T,Total,Y25-74,From 25 to 74 years,PC_ACT,Percentage of population in the labour force,SK,Slovakia,2009,,10.3,,,,,
dataflow,ESTAT:TIPSUN20(1.0),Unemployment rate - annual data,A,Annual,T,Total,Y25-74,From 25 to 74 years,PC_ACT,Percentage of population in the labour force,SK,Slovakia,2010,,12.3,,,,,
dataflow,ESTAT:TIPSUN20(1.0),Unemployment rate - annual data,A,Annual,T,Total,Y25-74,From 25 to 74 years,PC_ACT,Percentage of population in the labour force,SK,Slovakia,2011,,11.6,,b,break in time series,,
dataflow,ESTAT:TIPSUN20(1.0),Unemployment rate - annual data,A,Annual,T,Total,Y25-74,From 25 to 74 years,PC_ACT,Percentage of population in the labour force,SK,Slovakia,2012,,12.0,,,,,
dataflow,ESTAT:TIPSUN20(1.0),Unemployment rate - annual data,A,Annual,T,Total,Y25-74,From 25 to 74 years,PC_ACT,Percentage of population in the labour force,SK,Slovakia,2013,,12.3,,,,,
dataflow,ESTAT:TIPSUN20(1.0),Unemployment rate - annual data,A,Annual,T,Total,Y25-74,From 25 to 74 years,PC_ACT,Percentage of population in the labour force,SK,Slovakia,2014,,11.6,,,,,
dataflow,ESTAT:TIPSUN20(1.0),Unemployment rate - annual data,A,Annual,T,Total,Y25-74,From 25 to 74 years,PC_ACT,Percentage of population in the labour force,SK,Slovakia,2015,,10.1,,,,,
dataflow,ESTAT:TIPSUN20(1.0),Unemployment rate - annual data,A,Annual,T,Total,Y25-74,From 25 to 74 years,PC_ACT,Percentage of population in the labour force,SK,Slovakia,2016,,8.5,,,,,
dataflow,ESTAT:TIPSUN20(1.0),Unemployment rate - annual data,A,Annual,T,Total,Y25-74,From 25 to 74 years,PC_ACT,Percentage of population in the labour force,SK,Slovakia,2017,,7.2,,,,,
dataflow,ESTAT:TIPSUN20(1.0),Unemployment rate - annual data,A,Annual,T,Total,Y25-74,From 25 to 74 years,PC_ACT,Percentage of population in the labour force,SK,Slovakia,2018,,5.8,,,,,
dataflow,ESTAT:TIPSUN20(1.0),Unemployment rate - annual data,A,Annual,T,Total,Y25-74,From 25 to 74 years,PC_ACT,Percentage of population in the labour force,SK,Slovakia,2019,,5.0,,,,,
dataflow,ESTAT:TIPSUN20(1.0),Unemployment rate - annual data,A,Annual,T,Total,Y25-74,From 25 to 74 years,PC_ACT,Percentage of population in the labour force,SK,Slovakia,2020,,5.8,,,,,
